"project_name","latest_commit","working_directory","oid","specific_oid","info_github","is_cross_module","severity","summary","detail","filename","line_start","col_start","line_end","col_end","block_type","block_type_full","impacted_block_type","impacted_block_content","impacted_block_start_line","impacted_block_end_line","block_identifiers","fan_in_count","fan_out_count","metrics_nloc","metrics_depth","metrics_loc","metrics_template_expressions","metrics_references","metrics_attributes","metrics_comment_count","metrics_function_call_count","metrics_heredoc_count","metrics_string_literal_count","metrics_loop_expression_count","metrics_conditional_count","metrics_nested_block_count","metrics_splat_count","metrics_object_elem_count","metrics_object_count","metrics_tuple_count","metrics_tuple_elem_count","metrics_param_count","metrics_comparison_count","metrics_logical_count","provider_name","provider_version","resource_schema","suggested_replacement_schemas","matched_suggested_resource_names","matched_suggested_resource_frames","block_documentation_identifiers","matched_type","file_content","file_loc","problem_class","problem_category"
"alphagov__paas-cf","23cdaeab8e44b7478850b804a66c007be937c59e","clones/alphagov__paas-cf/terraform/cloudfoundry","5875f6f035bb","37bef82e270b","https://github.com/alphagov/paas-cf/blob/23cdaeab8e44b7478850b804a66c007be937c59e/terraform/cloudfoundry/buckets.tf#L143","False","warning","Argument is deprecated","Use filter instead","clones/alphagov__paas-cf/terraform/cloudfoundry/buckets.tf","143","14","143","16","resource","resource aws_s3_bucket_lifecycle_configuration","resource","resource ""aws_s3_bucket_lifecycle_configuration"" ""packages-s3"" {
  bucket = aws_s3_bucket.packages-s3.id

  rule {
    id     = ""Expire old previous versions""
    status = ""Enabled""
    prefix = """"

    noncurrent_version_expiration {
      noncurrent_days = 36
    }

    expiration {
      expired_object_delete_marker = true
    }
  }
  rule {
    id     = ""Delete old incomplete multi-part uploads""
    status = ""Enabled""

    abort_incomplete_multipart_upload {
      days_after_initiation = 3
    }
  }
}","137","161","aws_s3_bucket_lifecycle_configuration packages-s3","0","1","4","25","21","0","2","9","0","0","0","5","0","0","5","0","0","0","0","0","0","0","0","aws","5.9.0","{""attributes"": {""bucket"": {""type"": ""string"", ""description_kind"": ""plain"", ""required"": true}, ""expected_bucket_owner"": {""type"": ""string"", ""description_kind"": ""plain"", ""optional"": true}, ""id"": {""type"": ""string"", ""description_kind"": ""plain"", ""optional"": true, ""computed"": true}}, ""block_types"": {""rule"": {""nesting_mode"": ""list"", ""block"": {""attributes"": {""id"": {""type"": ""string"", ""description_kind"": ""plain"", ""required"": true}, ""prefix"": {""type"": ""string"", ""description_kind"": ""plain"", ""deprecated"": true, ""optional"": true}, ""status"": {""type"": ""string"", ""description_kind"": ""plain"", ""required"": true}}, ""block_types"": {""abort_incomplete_multipart_upload"": {""nesting_mode"": ""list"", ""block"": {""attributes"": {""days_after_initiation"": {""type"": ""number"", ""description_kind"": ""plain"", ""optional"": true}}, ""description_kind"": ""plain""}, ""max_items"": 1}, ""expiration"": {""nesting_mode"": ""list"", ""block"": {""attributes"": {""date"": {""type"": ""string"", ""description_kind"": ""plain"", ""optional"": true}, ""days"": {""type"": ""number"", ""description_kind"": ""plain"", ""optional"": true}, ""expired_object_delete_marker"": {""type"": ""bool"", ""description_kind"": ""plain"", ""optional"": true, ""computed"": true}}, ""description_kind"": ""plain""}, ""max_items"": 1}, ""filter"": {""nesting_mode"": ""list"", ""block"": {""attributes"": {""object_size_greater_than"": {""type"": ""string"", ""description_kind"": ""plain"", ""optional"": true}, ""object_size_less_than"": {""type"": ""string"", ""description_kind"": ""plain"", ""optional"": true}, ""prefix"": {""type"": ""string"", ""description_kind"": ""plain"", ""optional"": true}}, ""block_types"": {""and"": {""nesting_mode"": ""list"", ""block"": {""attributes"": {""object_size_greater_than"": {""type"": ""number"", ""description_kind"": ""plain"", ""optional"": true}, ""object_size_less_than"": {""type"": ""number"", ""description_kind"": ""plain"", ""optional"": true}, ""prefix"": {""type"": ""string"", ""description_kind"": ""plain"", ""optional"": true}, ""tags"": {""type"": [""map"", ""string""], ""description_kind"": ""plain"", ""optional"": true}}, ""description_kind"": ""plain""}, ""max_items"": 1}, ""tag"": {""nesting_mode"": ""list"", ""block"": {""attributes"": {""key"": {""type"": ""string"", ""description_kind"": ""plain"", ""required"": true}, ""value"": {""type"": ""string"", ""description_kind"": ""plain"", ""required"": true}}, ""description_kind"": ""plain""}, ""max_items"": 1}}, ""description_kind"": ""plain""}, ""max_items"": 1}, ""noncurrent_version_expiration"": {""nesting_mode"": ""list"", ""block"": {""attributes"": {""newer_noncurrent_versions"": {""type"": ""string"", ""description_kind"": ""plain"", ""optional"": true}, ""noncurrent_days"": {""type"": ""number"", ""description_kind"": ""plain"", ""optional"": true}}, ""description_kind"": ""plain""}, ""max_items"": 1}, ""noncurrent_version_transition"": {""nesting_mode"": ""set"", ""block"": {""attributes"": {""newer_noncurrent_versions"": {""type"": ""string"", ""description_kind"": ""plain"", ""optional"": true}, ""noncurrent_days"": {""type"": ""number"", ""description_kind"": ""plain"", ""optional"": true}, ""storage_class"": {""type"": ""string"", ""description_kind"": ""plain"", ""required"": true}}, ""description_kind"": ""plain""}}, ""transition"": {""nesting_mode"": ""set"", ""block"": {""attributes"": {""date"": {""type"": ""string"", ""description_kind"": ""plain"", ""optional"": true}, ""days"": {""type"": ""number"", ""description_kind"": ""plain"", ""optional"": true}, ""storage_class"": {""type"": ""string"", ""description_kind"": ""plain"", ""required"": true}}, ""description_kind"": ""plain""}}}, ""description_kind"": ""plain""}, ""min_items"": 1}}, ""matched_block_name"": ""aws_s3_bucket_lifecycle_configuration"", ""matched_block_type"": ""resource""}","","","","aws_s3_bucket_lifecycle_configuration","resource","resource ""aws_s3_bucket"" ""droplets-s3"" {
  bucket = ""${var.env}-cf-droplets""

  force_destroy = var.bucket_force_destroy
}

resource ""aws_s3_bucket_ownership_controls"" ""droplets-s3"" {
  bucket = aws_s3_bucket.droplets-s3.id
  rule {
    object_ownership = ""BucketOwnerPreferred""
  }
}

resource ""aws_s3_bucket_acl"" ""droplets-s3"" {
  bucket = aws_s3_bucket.droplets-s3.id
  acl    = ""private""

  depends_on = [aws_s3_bucket_ownership_controls.droplets-s3]
}

resource ""aws_s3_bucket_versioning"" ""droplets-s3"" {
  bucket = aws_s3_bucket.droplets-s3.id

  versioning_configuration {
    status = ""Enabled""
  }
}

resource ""aws_s3_bucket_lifecycle_configuration"" ""droplets-s3"" {
  bucket = aws_s3_bucket.droplets-s3.id

  rule {
    id     = ""Expire old previous versions""
    status = ""Enabled""
    prefix = """"

    noncurrent_version_expiration {
      noncurrent_days = 36
    }

    expiration {
      expired_object_delete_marker = true
    }
  }
  rule {
    id     = ""Delete old incomplete multi-part uploads""
    status = ""Enabled""

    abort_incomplete_multipart_upload {
      days_after_initiation = 3
    }
  }
}

resource ""aws_s3_bucket"" ""buildpacks-s3"" {
  bucket = ""${var.env}-cf-buildpacks""

  force_destroy = var.bucket_force_destroy
}

resource ""aws_s3_bucket_ownership_controls"" ""buildpacks-s3"" {
  bucket = aws_s3_bucket.buildpacks-s3.id
  rule {
    object_ownership = ""BucketOwnerPreferred""
  }
}

resource ""aws_s3_bucket_acl"" ""buildpacks-s3"" {
  bucket = aws_s3_bucket.buildpacks-s3.id
  acl    = ""private""

  depends_on = [aws_s3_bucket_ownership_controls.buildpacks-s3]
}

resource ""aws_s3_bucket_versioning"" ""buildpacks-s3"" {
  bucket = aws_s3_bucket.buildpacks-s3.id

  versioning_configuration {
    status = ""Enabled""
  }
}

resource ""aws_s3_bucket_lifecycle_configuration"" ""buildpacks-s3"" {
  bucket = aws_s3_bucket.buildpacks-s3.id

  rule {
    id     = ""Expire old previous versions""
    status = ""Enabled""
    prefix = """"


    noncurrent_version_expiration {
      noncurrent_days = 36
    }

    expiration {
      expired_object_delete_marker = true
    }
  }
  rule {
    id     = ""Delete old incomplete multi-part uploads""
    status = ""Enabled""

    abort_incomplete_multipart_upload {
      days_after_initiation = 3
    }
  }
}
resource ""aws_s3_bucket"" ""packages-s3"" {
  bucket = ""${var.env}-cf-packages""

  force_destroy = var.bucket_force_destroy
}

resource ""aws_s3_bucket_ownership_controls"" ""packages-s3"" {
  bucket = aws_s3_bucket.packages-s3.id
  rule {
    object_ownership = ""BucketOwnerPreferred""
  }
}

resource ""aws_s3_bucket_acl"" ""packages-s3"" {
  bucket = aws_s3_bucket.packages-s3.id
  acl    = ""private""

  depends_on = [aws_s3_bucket_ownership_controls.packages-s3]
}

resource ""aws_s3_bucket_versioning"" ""packages-s3"" {
  bucket = aws_s3_bucket.packages-s3.id

  versioning_configuration {
    status = ""Enabled""
  }
}

resource ""aws_s3_bucket_lifecycle_configuration"" ""packages-s3"" {
  bucket = aws_s3_bucket.packages-s3.id

  rule {
    id     = ""Expire old previous versions""
    status = ""Enabled""
    prefix = """"

    noncurrent_version_expiration {
      noncurrent_days = 36
    }

    expiration {
      expired_object_delete_marker = true
    }
  }
  rule {
    id     = ""Delete old incomplete multi-part uploads""
    status = ""Enabled""

    abort_incomplete_multipart_upload {
      days_after_initiation = 3
    }
  }
}
resource ""aws_s3_bucket"" ""resources-s3"" {
  bucket = ""${var.env}-cf-resources""

  force_destroy = var.bucket_force_destroy
}

resource ""aws_s3_bucket_ownership_controls"" ""resources-s3"" {
  bucket = aws_s3_bucket.resources-s3.id
  rule {
    object_ownership = ""BucketOwnerPreferred""
  }
}

resource ""aws_s3_bucket_acl"" ""resources-s3"" {
  bucket = aws_s3_bucket.resources-s3.id
  acl    = ""private""

  depends_on = [aws_s3_bucket_ownership_controls.resources-s3]
}

resource ""aws_s3_bucket_versioning"" ""resources-s3"" {
  bucket = aws_s3_bucket.resources-s3.id

  versioning_configuration {
    status = ""Enabled""
  }
}

resource ""aws_s3_bucket_lifecycle_configuration"" ""resources-s3"" {
  bucket = aws_s3_bucket.resources-s3.id

  rule {
    id     = ""Expire old previous versions""
    status = ""Enabled""
    prefix = """"

    noncurrent_version_expiration {
      noncurrent_days = 36
    }

    expiration {
      expired_object_delete_marker = true
    }
  }
  rule {
    id     = ""Delete old incomplete multi-part uploads""
    status = ""Enabled""

    abort_incomplete_multipart_upload {
      days_after_initiation = 3
    }
  }
}
resource ""aws_s3_bucket"" ""test-artifacts"" {
  bucket        = ""gds-paas-${var.env}-test-artifacts""
  force_destroy = ""true""
}

resource ""aws_s3_bucket_ownership_controls"" ""test-artifacts"" {
  bucket = aws_s3_bucket.test-artifacts.id
  rule {
    object_ownership = ""BucketOwnerPreferred""
  }
}

resource ""aws_s3_bucket_acl"" ""test-artifacts"" {
  bucket = aws_s3_bucket.test-artifacts.id
  acl    = ""private""

  depends_on = [aws_s3_bucket_ownership_controls.test-artifacts]
}

resource ""aws_s3_bucket_lifecycle_configuration"" ""test-artifacts"" {
  bucket = aws_s3_bucket.test-artifacts.id


  rule {
    id     = ""Expire old previous versions""
    status = ""Enabled""
    prefix = """"

    expiration {
      days = 7
    }
  }
}

variable ""elb_access_log_bucket_name"" {
  default = ""elb-access-log""
}

resource ""aws_s3_bucket"" ""elb_access_log"" {
  bucket        = ""${var.assets_prefix}-${var.env}-${var.elb_access_log_bucket_name}""
  force_destroy = ""true""
}

resource ""aws_s3_bucket_ownership_controls"" ""elb_access_log"" {
  bucket = aws_s3_bucket.elb_access_log.id
  rule {
    object_ownership = ""BucketOwnerPreferred""
  }
}

resource ""aws_s3_bucket_acl"" ""elb_access_log"" {
  bucket = aws_s3_bucket.elb_access_log.id
  acl    = ""private""

  depends_on = [aws_s3_bucket_ownership_controls.elb_access_log]
}

resource ""aws_s3_bucket_policy"" ""elb_access_log"" {
  bucket = aws_s3_bucket.elb_access_log.id
  policy = templatefile(""${path.module}/policies/elb_access_log_bucket.json.tpl"", {
    bucket_name = ""${var.assets_prefix}-${var.env}-${var.elb_access_log_bucket_name}"",
    principal   = var.elb_account_ids[var.region]
  })
}

resource ""aws_s3_bucket_lifecycle_configuration"" ""elb_access_log"" {
  bucket = aws_s3_bucket.elb_access_log.id

  rule {
    id     = ""Expire old previous versions""
    status = ""Enabled""
    prefix = """"

    expiration {
      days = 30
    }
  }
}

data ""aws_s3_bucket"" ""account_region_wide_alb_access_logs"" {
  bucket = ""gds-paas-${var.aws_account}-account-wide-alb-access-logs-${var.region}""
}
","233","Argument is deprecated","Provider Evolution"
"alphagov__paas-cf","23cdaeab8e44b7478850b804a66c007be937c59e","clones/alphagov__paas-cf/terraform/cloudfoundry","cea9e0fd9beb","cbea6e4ff011","https://github.com/alphagov/paas-cf/blob/23cdaeab8e44b7478850b804a66c007be937c59e/terraform/cloudfoundry/buckets.tf#L286","False","warning","Argument is deprecated","Use filter instead","clones/alphagov__paas-cf/terraform/cloudfoundry/buckets.tf","286","14","286","16","resource","resource aws_s3_bucket_lifecycle_configuration","resource","resource ""aws_s3_bucket_lifecycle_configuration"" ""elb_access_log"" {
  bucket = aws_s3_bucket.elb_access_log.id

  rule {
    id     = ""Expire old previous versions""
    status = ""Enabled""
    prefix = """"

    expiration {
      days = 30
    }
  }
}","280","292","aws_s3_bucket_lifecycle_configuration elb_access_log","0","1","2","13","11","0","2","5","0","0","0","3","0","0","2","0","0","0","0","0","0","0","0","aws","5.9.0","{""attributes"": {""bucket"": {""type"": ""string"", ""description_kind"": ""plain"", ""required"": true}, ""expected_bucket_owner"": {""type"": ""string"", ""description_kind"": ""plain"", ""optional"": true}, ""id"": {""type"": ""string"", ""description_kind"": ""plain"", ""optional"": true, ""computed"": true}}, ""block_types"": {""rule"": {""nesting_mode"": ""list"", ""block"": {""attributes"": {""id"": {""type"": ""string"", ""description_kind"": ""plain"", ""required"": true}, ""prefix"": {""type"": ""string"", ""description_kind"": ""plain"", ""deprecated"": true, ""optional"": true}, ""status"": {""type"": ""string"", ""description_kind"": ""plain"", ""required"": true}}, ""block_types"": {""abort_incomplete_multipart_upload"": {""nesting_mode"": ""list"", ""block"": {""attributes"": {""days_after_initiation"": {""type"": ""number"", ""description_kind"": ""plain"", ""optional"": true}}, ""description_kind"": ""plain""}, ""max_items"": 1}, ""expiration"": {""nesting_mode"": ""list"", ""block"": {""attributes"": {""date"": {""type"": ""string"", ""description_kind"": ""plain"", ""optional"": true}, ""days"": {""type"": ""number"", ""description_kind"": ""plain"", ""optional"": true}, ""expired_object_delete_marker"": {""type"": ""bool"", ""description_kind"": ""plain"", ""optional"": true, ""computed"": true}}, ""description_kind"": ""plain""}, ""max_items"": 1}, ""filter"": {""nesting_mode"": ""list"", ""block"": {""attributes"": {""object_size_greater_than"": {""type"": ""string"", ""description_kind"": ""plain"", ""optional"": true}, ""object_size_less_than"": {""type"": ""string"", ""description_kind"": ""plain"", ""optional"": true}, ""prefix"": {""type"": ""string"", ""description_kind"": ""plain"", ""optional"": true}}, ""block_types"": {""and"": {""nesting_mode"": ""list"", ""block"": {""attributes"": {""object_size_greater_than"": {""type"": ""number"", ""description_kind"": ""plain"", ""optional"": true}, ""object_size_less_than"": {""type"": ""number"", ""description_kind"": ""plain"", ""optional"": true}, ""prefix"": {""type"": ""string"", ""description_kind"": ""plain"", ""optional"": true}, ""tags"": {""type"": [""map"", ""string""], ""description_kind"": ""plain"", ""optional"": true}}, ""description_kind"": ""plain""}, ""max_items"": 1}, ""tag"": {""nesting_mode"": ""list"", ""block"": {""attributes"": {""key"": {""type"": ""string"", ""description_kind"": ""plain"", ""required"": true}, ""value"": {""type"": ""string"", ""description_kind"": ""plain"", ""required"": true}}, ""description_kind"": ""plain""}, ""max_items"": 1}}, ""description_kind"": ""plain""}, ""max_items"": 1}, ""noncurrent_version_expiration"": {""nesting_mode"": ""list"", ""block"": {""attributes"": {""newer_noncurrent_versions"": {""type"": ""string"", ""description_kind"": ""plain"", ""optional"": true}, ""noncurrent_days"": {""type"": ""number"", ""description_kind"": ""plain"", ""optional"": true}}, ""description_kind"": ""plain""}, ""max_items"": 1}, ""noncurrent_version_transition"": {""nesting_mode"": ""set"", ""block"": {""attributes"": {""newer_noncurrent_versions"": {""type"": ""string"", ""description_kind"": ""plain"", ""optional"": true}, ""noncurrent_days"": {""type"": ""number"", ""description_kind"": ""plain"", ""optional"": true}, ""storage_class"": {""type"": ""string"", ""description_kind"": ""plain"", ""required"": true}}, ""description_kind"": ""plain""}}, ""transition"": {""nesting_mode"": ""set"", ""block"": {""attributes"": {""date"": {""type"": ""string"", ""description_kind"": ""plain"", ""optional"": true}, ""days"": {""type"": ""number"", ""description_kind"": ""plain"", ""optional"": true}, ""storage_class"": {""type"": ""string"", ""description_kind"": ""plain"", ""required"": true}}, ""description_kind"": ""plain""}}}, ""description_kind"": ""plain""}, ""min_items"": 1}}, ""matched_block_name"": ""aws_s3_bucket_lifecycle_configuration"", ""matched_block_type"": ""resource""}","","","","aws_s3_bucket_lifecycle_configuration","resource","resource ""aws_s3_bucket"" ""droplets-s3"" {
  bucket = ""${var.env}-cf-droplets""

  force_destroy = var.bucket_force_destroy
}

resource ""aws_s3_bucket_ownership_controls"" ""droplets-s3"" {
  bucket = aws_s3_bucket.droplets-s3.id
  rule {
    object_ownership = ""BucketOwnerPreferred""
  }
}

resource ""aws_s3_bucket_acl"" ""droplets-s3"" {
  bucket = aws_s3_bucket.droplets-s3.id
  acl    = ""private""

  depends_on = [aws_s3_bucket_ownership_controls.droplets-s3]
}

resource ""aws_s3_bucket_versioning"" ""droplets-s3"" {
  bucket = aws_s3_bucket.droplets-s3.id

  versioning_configuration {
    status = ""Enabled""
  }
}

resource ""aws_s3_bucket_lifecycle_configuration"" ""droplets-s3"" {
  bucket = aws_s3_bucket.droplets-s3.id

  rule {
    id     = ""Expire old previous versions""
    status = ""Enabled""
    prefix = """"

    noncurrent_version_expiration {
      noncurrent_days = 36
    }

    expiration {
      expired_object_delete_marker = true
    }
  }
  rule {
    id     = ""Delete old incomplete multi-part uploads""
    status = ""Enabled""

    abort_incomplete_multipart_upload {
      days_after_initiation = 3
    }
  }
}

resource ""aws_s3_bucket"" ""buildpacks-s3"" {
  bucket = ""${var.env}-cf-buildpacks""

  force_destroy = var.bucket_force_destroy
}

resource ""aws_s3_bucket_ownership_controls"" ""buildpacks-s3"" {
  bucket = aws_s3_bucket.buildpacks-s3.id
  rule {
    object_ownership = ""BucketOwnerPreferred""
  }
}

resource ""aws_s3_bucket_acl"" ""buildpacks-s3"" {
  bucket = aws_s3_bucket.buildpacks-s3.id
  acl    = ""private""

  depends_on = [aws_s3_bucket_ownership_controls.buildpacks-s3]
}

resource ""aws_s3_bucket_versioning"" ""buildpacks-s3"" {
  bucket = aws_s3_bucket.buildpacks-s3.id

  versioning_configuration {
    status = ""Enabled""
  }
}

resource ""aws_s3_bucket_lifecycle_configuration"" ""buildpacks-s3"" {
  bucket = aws_s3_bucket.buildpacks-s3.id

  rule {
    id     = ""Expire old previous versions""
    status = ""Enabled""
    prefix = """"


    noncurrent_version_expiration {
      noncurrent_days = 36
    }

    expiration {
      expired_object_delete_marker = true
    }
  }
  rule {
    id     = ""Delete old incomplete multi-part uploads""
    status = ""Enabled""

    abort_incomplete_multipart_upload {
      days_after_initiation = 3
    }
  }
}
resource ""aws_s3_bucket"" ""packages-s3"" {
  bucket = ""${var.env}-cf-packages""

  force_destroy = var.bucket_force_destroy
}

resource ""aws_s3_bucket_ownership_controls"" ""packages-s3"" {
  bucket = aws_s3_bucket.packages-s3.id
  rule {
    object_ownership = ""BucketOwnerPreferred""
  }
}

resource ""aws_s3_bucket_acl"" ""packages-s3"" {
  bucket = aws_s3_bucket.packages-s3.id
  acl    = ""private""

  depends_on = [aws_s3_bucket_ownership_controls.packages-s3]
}

resource ""aws_s3_bucket_versioning"" ""packages-s3"" {
  bucket = aws_s3_bucket.packages-s3.id

  versioning_configuration {
    status = ""Enabled""
  }
}

resource ""aws_s3_bucket_lifecycle_configuration"" ""packages-s3"" {
  bucket = aws_s3_bucket.packages-s3.id

  rule {
    id     = ""Expire old previous versions""
    status = ""Enabled""
    prefix = """"

    noncurrent_version_expiration {
      noncurrent_days = 36
    }

    expiration {
      expired_object_delete_marker = true
    }
  }
  rule {
    id     = ""Delete old incomplete multi-part uploads""
    status = ""Enabled""

    abort_incomplete_multipart_upload {
      days_after_initiation = 3
    }
  }
}
resource ""aws_s3_bucket"" ""resources-s3"" {
  bucket = ""${var.env}-cf-resources""

  force_destroy = var.bucket_force_destroy
}

resource ""aws_s3_bucket_ownership_controls"" ""resources-s3"" {
  bucket = aws_s3_bucket.resources-s3.id
  rule {
    object_ownership = ""BucketOwnerPreferred""
  }
}

resource ""aws_s3_bucket_acl"" ""resources-s3"" {
  bucket = aws_s3_bucket.resources-s3.id
  acl    = ""private""

  depends_on = [aws_s3_bucket_ownership_controls.resources-s3]
}

resource ""aws_s3_bucket_versioning"" ""resources-s3"" {
  bucket = aws_s3_bucket.resources-s3.id

  versioning_configuration {
    status = ""Enabled""
  }
}

resource ""aws_s3_bucket_lifecycle_configuration"" ""resources-s3"" {
  bucket = aws_s3_bucket.resources-s3.id

  rule {
    id     = ""Expire old previous versions""
    status = ""Enabled""
    prefix = """"

    noncurrent_version_expiration {
      noncurrent_days = 36
    }

    expiration {
      expired_object_delete_marker = true
    }
  }
  rule {
    id     = ""Delete old incomplete multi-part uploads""
    status = ""Enabled""

    abort_incomplete_multipart_upload {
      days_after_initiation = 3
    }
  }
}
resource ""aws_s3_bucket"" ""test-artifacts"" {
  bucket        = ""gds-paas-${var.env}-test-artifacts""
  force_destroy = ""true""
}

resource ""aws_s3_bucket_ownership_controls"" ""test-artifacts"" {
  bucket = aws_s3_bucket.test-artifacts.id
  rule {
    object_ownership = ""BucketOwnerPreferred""
  }
}

resource ""aws_s3_bucket_acl"" ""test-artifacts"" {
  bucket = aws_s3_bucket.test-artifacts.id
  acl    = ""private""

  depends_on = [aws_s3_bucket_ownership_controls.test-artifacts]
}

resource ""aws_s3_bucket_lifecycle_configuration"" ""test-artifacts"" {
  bucket = aws_s3_bucket.test-artifacts.id


  rule {
    id     = ""Expire old previous versions""
    status = ""Enabled""
    prefix = """"

    expiration {
      days = 7
    }
  }
}

variable ""elb_access_log_bucket_name"" {
  default = ""elb-access-log""
}

resource ""aws_s3_bucket"" ""elb_access_log"" {
  bucket        = ""${var.assets_prefix}-${var.env}-${var.elb_access_log_bucket_name}""
  force_destroy = ""true""
}

resource ""aws_s3_bucket_ownership_controls"" ""elb_access_log"" {
  bucket = aws_s3_bucket.elb_access_log.id
  rule {
    object_ownership = ""BucketOwnerPreferred""
  }
}

resource ""aws_s3_bucket_acl"" ""elb_access_log"" {
  bucket = aws_s3_bucket.elb_access_log.id
  acl    = ""private""

  depends_on = [aws_s3_bucket_ownership_controls.elb_access_log]
}

resource ""aws_s3_bucket_policy"" ""elb_access_log"" {
  bucket = aws_s3_bucket.elb_access_log.id
  policy = templatefile(""${path.module}/policies/elb_access_log_bucket.json.tpl"", {
    bucket_name = ""${var.assets_prefix}-${var.env}-${var.elb_access_log_bucket_name}"",
    principal   = var.elb_account_ids[var.region]
  })
}

resource ""aws_s3_bucket_lifecycle_configuration"" ""elb_access_log"" {
  bucket = aws_s3_bucket.elb_access_log.id

  rule {
    id     = ""Expire old previous versions""
    status = ""Enabled""
    prefix = """"

    expiration {
      days = 30
    }
  }
}

data ""aws_s3_bucket"" ""account_region_wide_alb_access_logs"" {
  bucket = ""gds-paas-${var.aws_account}-account-wide-alb-access-logs-${var.region}""
}
","233","Argument is deprecated","Provider Evolution"
"alphagov__paas-cf","23cdaeab8e44b7478850b804a66c007be937c59e","clones/alphagov__paas-cf/terraform/cloudfoundry","5ce854a830cc","c8f57c6d6227","https://github.com/alphagov/paas-cf/blob/23cdaeab8e44b7478850b804a66c007be937c59e/terraform/cloudfoundry/buckets.tf#L196","False","warning","Argument is deprecated","Use filter instead","clones/alphagov__paas-cf/terraform/cloudfoundry/buckets.tf","196","14","196","16","resource","resource aws_s3_bucket_lifecycle_configuration","resource","resource ""aws_s3_bucket_lifecycle_configuration"" ""resources-s3"" {
  bucket = aws_s3_bucket.resources-s3.id

  rule {
    id     = ""Expire old previous versions""
    status = ""Enabled""
    prefix = """"

    noncurrent_version_expiration {
      noncurrent_days = 36
    }

    expiration {
      expired_object_delete_marker = true
    }
  }
  rule {
    id     = ""Delete old incomplete multi-part uploads""
    status = ""Enabled""

    abort_incomplete_multipart_upload {
      days_after_initiation = 3
    }
  }
}","190","214","aws_s3_bucket_lifecycle_configuration resources-s3","0","1","4","25","21","0","2","9","0","0","0","5","0","0","5","0","0","0","0","0","0","0","0","aws","5.9.0","{""attributes"": {""bucket"": {""type"": ""string"", ""description_kind"": ""plain"", ""required"": true}, ""expected_bucket_owner"": {""type"": ""string"", ""description_kind"": ""plain"", ""optional"": true}, ""id"": {""type"": ""string"", ""description_kind"": ""plain"", ""optional"": true, ""computed"": true}}, ""block_types"": {""rule"": {""nesting_mode"": ""list"", ""block"": {""attributes"": {""id"": {""type"": ""string"", ""description_kind"": ""plain"", ""required"": true}, ""prefix"": {""type"": ""string"", ""description_kind"": ""plain"", ""deprecated"": true, ""optional"": true}, ""status"": {""type"": ""string"", ""description_kind"": ""plain"", ""required"": true}}, ""block_types"": {""abort_incomplete_multipart_upload"": {""nesting_mode"": ""list"", ""block"": {""attributes"": {""days_after_initiation"": {""type"": ""number"", ""description_kind"": ""plain"", ""optional"": true}}, ""description_kind"": ""plain""}, ""max_items"": 1}, ""expiration"": {""nesting_mode"": ""list"", ""block"": {""attributes"": {""date"": {""type"": ""string"", ""description_kind"": ""plain"", ""optional"": true}, ""days"": {""type"": ""number"", ""description_kind"": ""plain"", ""optional"": true}, ""expired_object_delete_marker"": {""type"": ""bool"", ""description_kind"": ""plain"", ""optional"": true, ""computed"": true}}, ""description_kind"": ""plain""}, ""max_items"": 1}, ""filter"": {""nesting_mode"": ""list"", ""block"": {""attributes"": {""object_size_greater_than"": {""type"": ""string"", ""description_kind"": ""plain"", ""optional"": true}, ""object_size_less_than"": {""type"": ""string"", ""description_kind"": ""plain"", ""optional"": true}, ""prefix"": {""type"": ""string"", ""description_kind"": ""plain"", ""optional"": true}}, ""block_types"": {""and"": {""nesting_mode"": ""list"", ""block"": {""attributes"": {""object_size_greater_than"": {""type"": ""number"", ""description_kind"": ""plain"", ""optional"": true}, ""object_size_less_than"": {""type"": ""number"", ""description_kind"": ""plain"", ""optional"": true}, ""prefix"": {""type"": ""string"", ""description_kind"": ""plain"", ""optional"": true}, ""tags"": {""type"": [""map"", ""string""], ""description_kind"": ""plain"", ""optional"": true}}, ""description_kind"": ""plain""}, ""max_items"": 1}, ""tag"": {""nesting_mode"": ""list"", ""block"": {""attributes"": {""key"": {""type"": ""string"", ""description_kind"": ""plain"", ""required"": true}, ""value"": {""type"": ""string"", ""description_kind"": ""plain"", ""required"": true}}, ""description_kind"": ""plain""}, ""max_items"": 1}}, ""description_kind"": ""plain""}, ""max_items"": 1}, ""noncurrent_version_expiration"": {""nesting_mode"": ""list"", ""block"": {""attributes"": {""newer_noncurrent_versions"": {""type"": ""string"", ""description_kind"": ""plain"", ""optional"": true}, ""noncurrent_days"": {""type"": ""number"", ""description_kind"": ""plain"", ""optional"": true}}, ""description_kind"": ""plain""}, ""max_items"": 1}, ""noncurrent_version_transition"": {""nesting_mode"": ""set"", ""block"": {""attributes"": {""newer_noncurrent_versions"": {""type"": ""string"", ""description_kind"": ""plain"", ""optional"": true}, ""noncurrent_days"": {""type"": ""number"", ""description_kind"": ""plain"", ""optional"": true}, ""storage_class"": {""type"": ""string"", ""description_kind"": ""plain"", ""required"": true}}, ""description_kind"": ""plain""}}, ""transition"": {""nesting_mode"": ""set"", ""block"": {""attributes"": {""date"": {""type"": ""string"", ""description_kind"": ""plain"", ""optional"": true}, ""days"": {""type"": ""number"", ""description_kind"": ""plain"", ""optional"": true}, ""storage_class"": {""type"": ""string"", ""description_kind"": ""plain"", ""required"": true}}, ""description_kind"": ""plain""}}}, ""description_kind"": ""plain""}, ""min_items"": 1}}, ""matched_block_name"": ""aws_s3_bucket_lifecycle_configuration"", ""matched_block_type"": ""resource""}","","","","aws_s3_bucket_lifecycle_configuration","resource","resource ""aws_s3_bucket"" ""droplets-s3"" {
  bucket = ""${var.env}-cf-droplets""

  force_destroy = var.bucket_force_destroy
}

resource ""aws_s3_bucket_ownership_controls"" ""droplets-s3"" {
  bucket = aws_s3_bucket.droplets-s3.id
  rule {
    object_ownership = ""BucketOwnerPreferred""
  }
}

resource ""aws_s3_bucket_acl"" ""droplets-s3"" {
  bucket = aws_s3_bucket.droplets-s3.id
  acl    = ""private""

  depends_on = [aws_s3_bucket_ownership_controls.droplets-s3]
}

resource ""aws_s3_bucket_versioning"" ""droplets-s3"" {
  bucket = aws_s3_bucket.droplets-s3.id

  versioning_configuration {
    status = ""Enabled""
  }
}

resource ""aws_s3_bucket_lifecycle_configuration"" ""droplets-s3"" {
  bucket = aws_s3_bucket.droplets-s3.id

  rule {
    id     = ""Expire old previous versions""
    status = ""Enabled""
    prefix = """"

    noncurrent_version_expiration {
      noncurrent_days = 36
    }

    expiration {
      expired_object_delete_marker = true
    }
  }
  rule {
    id     = ""Delete old incomplete multi-part uploads""
    status = ""Enabled""

    abort_incomplete_multipart_upload {
      days_after_initiation = 3
    }
  }
}

resource ""aws_s3_bucket"" ""buildpacks-s3"" {
  bucket = ""${var.env}-cf-buildpacks""

  force_destroy = var.bucket_force_destroy
}

resource ""aws_s3_bucket_ownership_controls"" ""buildpacks-s3"" {
  bucket = aws_s3_bucket.buildpacks-s3.id
  rule {
    object_ownership = ""BucketOwnerPreferred""
  }
}

resource ""aws_s3_bucket_acl"" ""buildpacks-s3"" {
  bucket = aws_s3_bucket.buildpacks-s3.id
  acl    = ""private""

  depends_on = [aws_s3_bucket_ownership_controls.buildpacks-s3]
}

resource ""aws_s3_bucket_versioning"" ""buildpacks-s3"" {
  bucket = aws_s3_bucket.buildpacks-s3.id

  versioning_configuration {
    status = ""Enabled""
  }
}

resource ""aws_s3_bucket_lifecycle_configuration"" ""buildpacks-s3"" {
  bucket = aws_s3_bucket.buildpacks-s3.id

  rule {
    id     = ""Expire old previous versions""
    status = ""Enabled""
    prefix = """"


    noncurrent_version_expiration {
      noncurrent_days = 36
    }

    expiration {
      expired_object_delete_marker = true
    }
  }
  rule {
    id     = ""Delete old incomplete multi-part uploads""
    status = ""Enabled""

    abort_incomplete_multipart_upload {
      days_after_initiation = 3
    }
  }
}
resource ""aws_s3_bucket"" ""packages-s3"" {
  bucket = ""${var.env}-cf-packages""

  force_destroy = var.bucket_force_destroy
}

resource ""aws_s3_bucket_ownership_controls"" ""packages-s3"" {
  bucket = aws_s3_bucket.packages-s3.id
  rule {
    object_ownership = ""BucketOwnerPreferred""
  }
}

resource ""aws_s3_bucket_acl"" ""packages-s3"" {
  bucket = aws_s3_bucket.packages-s3.id
  acl    = ""private""

  depends_on = [aws_s3_bucket_ownership_controls.packages-s3]
}

resource ""aws_s3_bucket_versioning"" ""packages-s3"" {
  bucket = aws_s3_bucket.packages-s3.id

  versioning_configuration {
    status = ""Enabled""
  }
}

resource ""aws_s3_bucket_lifecycle_configuration"" ""packages-s3"" {
  bucket = aws_s3_bucket.packages-s3.id

  rule {
    id     = ""Expire old previous versions""
    status = ""Enabled""
    prefix = """"

    noncurrent_version_expiration {
      noncurrent_days = 36
    }

    expiration {
      expired_object_delete_marker = true
    }
  }
  rule {
    id     = ""Delete old incomplete multi-part uploads""
    status = ""Enabled""

    abort_incomplete_multipart_upload {
      days_after_initiation = 3
    }
  }
}
resource ""aws_s3_bucket"" ""resources-s3"" {
  bucket = ""${var.env}-cf-resources""

  force_destroy = var.bucket_force_destroy
}

resource ""aws_s3_bucket_ownership_controls"" ""resources-s3"" {
  bucket = aws_s3_bucket.resources-s3.id
  rule {
    object_ownership = ""BucketOwnerPreferred""
  }
}

resource ""aws_s3_bucket_acl"" ""resources-s3"" {
  bucket = aws_s3_bucket.resources-s3.id
  acl    = ""private""

  depends_on = [aws_s3_bucket_ownership_controls.resources-s3]
}

resource ""aws_s3_bucket_versioning"" ""resources-s3"" {
  bucket = aws_s3_bucket.resources-s3.id

  versioning_configuration {
    status = ""Enabled""
  }
}

resource ""aws_s3_bucket_lifecycle_configuration"" ""resources-s3"" {
  bucket = aws_s3_bucket.resources-s3.id

  rule {
    id     = ""Expire old previous versions""
    status = ""Enabled""
    prefix = """"

    noncurrent_version_expiration {
      noncurrent_days = 36
    }

    expiration {
      expired_object_delete_marker = true
    }
  }
  rule {
    id     = ""Delete old incomplete multi-part uploads""
    status = ""Enabled""

    abort_incomplete_multipart_upload {
      days_after_initiation = 3
    }
  }
}
resource ""aws_s3_bucket"" ""test-artifacts"" {
  bucket        = ""gds-paas-${var.env}-test-artifacts""
  force_destroy = ""true""
}

resource ""aws_s3_bucket_ownership_controls"" ""test-artifacts"" {
  bucket = aws_s3_bucket.test-artifacts.id
  rule {
    object_ownership = ""BucketOwnerPreferred""
  }
}

resource ""aws_s3_bucket_acl"" ""test-artifacts"" {
  bucket = aws_s3_bucket.test-artifacts.id
  acl    = ""private""

  depends_on = [aws_s3_bucket_ownership_controls.test-artifacts]
}

resource ""aws_s3_bucket_lifecycle_configuration"" ""test-artifacts"" {
  bucket = aws_s3_bucket.test-artifacts.id


  rule {
    id     = ""Expire old previous versions""
    status = ""Enabled""
    prefix = """"

    expiration {
      days = 7
    }
  }
}

variable ""elb_access_log_bucket_name"" {
  default = ""elb-access-log""
}

resource ""aws_s3_bucket"" ""elb_access_log"" {
  bucket        = ""${var.assets_prefix}-${var.env}-${var.elb_access_log_bucket_name}""
  force_destroy = ""true""
}

resource ""aws_s3_bucket_ownership_controls"" ""elb_access_log"" {
  bucket = aws_s3_bucket.elb_access_log.id
  rule {
    object_ownership = ""BucketOwnerPreferred""
  }
}

resource ""aws_s3_bucket_acl"" ""elb_access_log"" {
  bucket = aws_s3_bucket.elb_access_log.id
  acl    = ""private""

  depends_on = [aws_s3_bucket_ownership_controls.elb_access_log]
}

resource ""aws_s3_bucket_policy"" ""elb_access_log"" {
  bucket = aws_s3_bucket.elb_access_log.id
  policy = templatefile(""${path.module}/policies/elb_access_log_bucket.json.tpl"", {
    bucket_name = ""${var.assets_prefix}-${var.env}-${var.elb_access_log_bucket_name}"",
    principal   = var.elb_account_ids[var.region]
  })
}

resource ""aws_s3_bucket_lifecycle_configuration"" ""elb_access_log"" {
  bucket = aws_s3_bucket.elb_access_log.id

  rule {
    id     = ""Expire old previous versions""
    status = ""Enabled""
    prefix = """"

    expiration {
      days = 30
    }
  }
}

data ""aws_s3_bucket"" ""account_region_wide_alb_access_logs"" {
  bucket = ""gds-paas-${var.aws_account}-account-wide-alb-access-logs-${var.region}""
}
","233","Argument is deprecated","Provider Evolution"
"alphagov__paas-cf","23cdaeab8e44b7478850b804a66c007be937c59e","clones/alphagov__paas-cf/terraform/cloudfoundry","59142eb65901","a8677f8b60ea","https://github.com/alphagov/paas-cf/blob/23cdaeab8e44b7478850b804a66c007be937c59e/terraform/cloudfoundry/buckets.tf#L35","False","warning","Argument is deprecated","Use filter instead","clones/alphagov__paas-cf/terraform/cloudfoundry/buckets.tf","35","14","35","16","resource","resource aws_s3_bucket_lifecycle_configuration","resource","resource ""aws_s3_bucket_lifecycle_configuration"" ""droplets-s3"" {
  bucket = aws_s3_bucket.droplets-s3.id

  rule {
    id     = ""Expire old previous versions""
    status = ""Enabled""
    prefix = """"

    noncurrent_version_expiration {
      noncurrent_days = 36
    }

    expiration {
      expired_object_delete_marker = true
    }
  }
  rule {
    id     = ""Delete old incomplete multi-part uploads""
    status = ""Enabled""

    abort_incomplete_multipart_upload {
      days_after_initiation = 3
    }
  }
}","29","53","aws_s3_bucket_lifecycle_configuration droplets-s3","0","1","4","25","21","0","2","9","0","0","0","5","0","0","5","0","0","0","0","0","0","0","0","aws","5.9.0","{""attributes"": {""bucket"": {""type"": ""string"", ""description_kind"": ""plain"", ""required"": true}, ""expected_bucket_owner"": {""type"": ""string"", ""description_kind"": ""plain"", ""optional"": true}, ""id"": {""type"": ""string"", ""description_kind"": ""plain"", ""optional"": true, ""computed"": true}}, ""block_types"": {""rule"": {""nesting_mode"": ""list"", ""block"": {""attributes"": {""id"": {""type"": ""string"", ""description_kind"": ""plain"", ""required"": true}, ""prefix"": {""type"": ""string"", ""description_kind"": ""plain"", ""deprecated"": true, ""optional"": true}, ""status"": {""type"": ""string"", ""description_kind"": ""plain"", ""required"": true}}, ""block_types"": {""abort_incomplete_multipart_upload"": {""nesting_mode"": ""list"", ""block"": {""attributes"": {""days_after_initiation"": {""type"": ""number"", ""description_kind"": ""plain"", ""optional"": true}}, ""description_kind"": ""plain""}, ""max_items"": 1}, ""expiration"": {""nesting_mode"": ""list"", ""block"": {""attributes"": {""date"": {""type"": ""string"", ""description_kind"": ""plain"", ""optional"": true}, ""days"": {""type"": ""number"", ""description_kind"": ""plain"", ""optional"": true}, ""expired_object_delete_marker"": {""type"": ""bool"", ""description_kind"": ""plain"", ""optional"": true, ""computed"": true}}, ""description_kind"": ""plain""}, ""max_items"": 1}, ""filter"": {""nesting_mode"": ""list"", ""block"": {""attributes"": {""object_size_greater_than"": {""type"": ""string"", ""description_kind"": ""plain"", ""optional"": true}, ""object_size_less_than"": {""type"": ""string"", ""description_kind"": ""plain"", ""optional"": true}, ""prefix"": {""type"": ""string"", ""description_kind"": ""plain"", ""optional"": true}}, ""block_types"": {""and"": {""nesting_mode"": ""list"", ""block"": {""attributes"": {""object_size_greater_than"": {""type"": ""number"", ""description_kind"": ""plain"", ""optional"": true}, ""object_size_less_than"": {""type"": ""number"", ""description_kind"": ""plain"", ""optional"": true}, ""prefix"": {""type"": ""string"", ""description_kind"": ""plain"", ""optional"": true}, ""tags"": {""type"": [""map"", ""string""], ""description_kind"": ""plain"", ""optional"": true}}, ""description_kind"": ""plain""}, ""max_items"": 1}, ""tag"": {""nesting_mode"": ""list"", ""block"": {""attributes"": {""key"": {""type"": ""string"", ""description_kind"": ""plain"", ""required"": true}, ""value"": {""type"": ""string"", ""description_kind"": ""plain"", ""required"": true}}, ""description_kind"": ""plain""}, ""max_items"": 1}}, ""description_kind"": ""plain""}, ""max_items"": 1}, ""noncurrent_version_expiration"": {""nesting_mode"": ""list"", ""block"": {""attributes"": {""newer_noncurrent_versions"": {""type"": ""string"", ""description_kind"": ""plain"", ""optional"": true}, ""noncurrent_days"": {""type"": ""number"", ""description_kind"": ""plain"", ""optional"": true}}, ""description_kind"": ""plain""}, ""max_items"": 1}, ""noncurrent_version_transition"": {""nesting_mode"": ""set"", ""block"": {""attributes"": {""newer_noncurrent_versions"": {""type"": ""string"", ""description_kind"": ""plain"", ""optional"": true}, ""noncurrent_days"": {""type"": ""number"", ""description_kind"": ""plain"", ""optional"": true}, ""storage_class"": {""type"": ""string"", ""description_kind"": ""plain"", ""required"": true}}, ""description_kind"": ""plain""}}, ""transition"": {""nesting_mode"": ""set"", ""block"": {""attributes"": {""date"": {""type"": ""string"", ""description_kind"": ""plain"", ""optional"": true}, ""days"": {""type"": ""number"", ""description_kind"": ""plain"", ""optional"": true}, ""storage_class"": {""type"": ""string"", ""description_kind"": ""plain"", ""required"": true}}, ""description_kind"": ""plain""}}}, ""description_kind"": ""plain""}, ""min_items"": 1}}, ""matched_block_name"": ""aws_s3_bucket_lifecycle_configuration"", ""matched_block_type"": ""resource""}","","","","aws_s3_bucket_lifecycle_configuration","resource","resource ""aws_s3_bucket"" ""droplets-s3"" {
  bucket = ""${var.env}-cf-droplets""

  force_destroy = var.bucket_force_destroy
}

resource ""aws_s3_bucket_ownership_controls"" ""droplets-s3"" {
  bucket = aws_s3_bucket.droplets-s3.id
  rule {
    object_ownership = ""BucketOwnerPreferred""
  }
}

resource ""aws_s3_bucket_acl"" ""droplets-s3"" {
  bucket = aws_s3_bucket.droplets-s3.id
  acl    = ""private""

  depends_on = [aws_s3_bucket_ownership_controls.droplets-s3]
}

resource ""aws_s3_bucket_versioning"" ""droplets-s3"" {
  bucket = aws_s3_bucket.droplets-s3.id

  versioning_configuration {
    status = ""Enabled""
  }
}

resource ""aws_s3_bucket_lifecycle_configuration"" ""droplets-s3"" {
  bucket = aws_s3_bucket.droplets-s3.id

  rule {
    id     = ""Expire old previous versions""
    status = ""Enabled""
    prefix = """"

    noncurrent_version_expiration {
      noncurrent_days = 36
    }

    expiration {
      expired_object_delete_marker = true
    }
  }
  rule {
    id     = ""Delete old incomplete multi-part uploads""
    status = ""Enabled""

    abort_incomplete_multipart_upload {
      days_after_initiation = 3
    }
  }
}

resource ""aws_s3_bucket"" ""buildpacks-s3"" {
  bucket = ""${var.env}-cf-buildpacks""

  force_destroy = var.bucket_force_destroy
}

resource ""aws_s3_bucket_ownership_controls"" ""buildpacks-s3"" {
  bucket = aws_s3_bucket.buildpacks-s3.id
  rule {
    object_ownership = ""BucketOwnerPreferred""
  }
}

resource ""aws_s3_bucket_acl"" ""buildpacks-s3"" {
  bucket = aws_s3_bucket.buildpacks-s3.id
  acl    = ""private""

  depends_on = [aws_s3_bucket_ownership_controls.buildpacks-s3]
}

resource ""aws_s3_bucket_versioning"" ""buildpacks-s3"" {
  bucket = aws_s3_bucket.buildpacks-s3.id

  versioning_configuration {
    status = ""Enabled""
  }
}

resource ""aws_s3_bucket_lifecycle_configuration"" ""buildpacks-s3"" {
  bucket = aws_s3_bucket.buildpacks-s3.id

  rule {
    id     = ""Expire old previous versions""
    status = ""Enabled""
    prefix = """"


    noncurrent_version_expiration {
      noncurrent_days = 36
    }

    expiration {
      expired_object_delete_marker = true
    }
  }
  rule {
    id     = ""Delete old incomplete multi-part uploads""
    status = ""Enabled""

    abort_incomplete_multipart_upload {
      days_after_initiation = 3
    }
  }
}
resource ""aws_s3_bucket"" ""packages-s3"" {
  bucket = ""${var.env}-cf-packages""

  force_destroy = var.bucket_force_destroy
}

resource ""aws_s3_bucket_ownership_controls"" ""packages-s3"" {
  bucket = aws_s3_bucket.packages-s3.id
  rule {
    object_ownership = ""BucketOwnerPreferred""
  }
}

resource ""aws_s3_bucket_acl"" ""packages-s3"" {
  bucket = aws_s3_bucket.packages-s3.id
  acl    = ""private""

  depends_on = [aws_s3_bucket_ownership_controls.packages-s3]
}

resource ""aws_s3_bucket_versioning"" ""packages-s3"" {
  bucket = aws_s3_bucket.packages-s3.id

  versioning_configuration {
    status = ""Enabled""
  }
}

resource ""aws_s3_bucket_lifecycle_configuration"" ""packages-s3"" {
  bucket = aws_s3_bucket.packages-s3.id

  rule {
    id     = ""Expire old previous versions""
    status = ""Enabled""
    prefix = """"

    noncurrent_version_expiration {
      noncurrent_days = 36
    }

    expiration {
      expired_object_delete_marker = true
    }
  }
  rule {
    id     = ""Delete old incomplete multi-part uploads""
    status = ""Enabled""

    abort_incomplete_multipart_upload {
      days_after_initiation = 3
    }
  }
}
resource ""aws_s3_bucket"" ""resources-s3"" {
  bucket = ""${var.env}-cf-resources""

  force_destroy = var.bucket_force_destroy
}

resource ""aws_s3_bucket_ownership_controls"" ""resources-s3"" {
  bucket = aws_s3_bucket.resources-s3.id
  rule {
    object_ownership = ""BucketOwnerPreferred""
  }
}

resource ""aws_s3_bucket_acl"" ""resources-s3"" {
  bucket = aws_s3_bucket.resources-s3.id
  acl    = ""private""

  depends_on = [aws_s3_bucket_ownership_controls.resources-s3]
}

resource ""aws_s3_bucket_versioning"" ""resources-s3"" {
  bucket = aws_s3_bucket.resources-s3.id

  versioning_configuration {
    status = ""Enabled""
  }
}

resource ""aws_s3_bucket_lifecycle_configuration"" ""resources-s3"" {
  bucket = aws_s3_bucket.resources-s3.id

  rule {
    id     = ""Expire old previous versions""
    status = ""Enabled""
    prefix = """"

    noncurrent_version_expiration {
      noncurrent_days = 36
    }

    expiration {
      expired_object_delete_marker = true
    }
  }
  rule {
    id     = ""Delete old incomplete multi-part uploads""
    status = ""Enabled""

    abort_incomplete_multipart_upload {
      days_after_initiation = 3
    }
  }
}
resource ""aws_s3_bucket"" ""test-artifacts"" {
  bucket        = ""gds-paas-${var.env}-test-artifacts""
  force_destroy = ""true""
}

resource ""aws_s3_bucket_ownership_controls"" ""test-artifacts"" {
  bucket = aws_s3_bucket.test-artifacts.id
  rule {
    object_ownership = ""BucketOwnerPreferred""
  }
}

resource ""aws_s3_bucket_acl"" ""test-artifacts"" {
  bucket = aws_s3_bucket.test-artifacts.id
  acl    = ""private""

  depends_on = [aws_s3_bucket_ownership_controls.test-artifacts]
}

resource ""aws_s3_bucket_lifecycle_configuration"" ""test-artifacts"" {
  bucket = aws_s3_bucket.test-artifacts.id


  rule {
    id     = ""Expire old previous versions""
    status = ""Enabled""
    prefix = """"

    expiration {
      days = 7
    }
  }
}

variable ""elb_access_log_bucket_name"" {
  default = ""elb-access-log""
}

resource ""aws_s3_bucket"" ""elb_access_log"" {
  bucket        = ""${var.assets_prefix}-${var.env}-${var.elb_access_log_bucket_name}""
  force_destroy = ""true""
}

resource ""aws_s3_bucket_ownership_controls"" ""elb_access_log"" {
  bucket = aws_s3_bucket.elb_access_log.id
  rule {
    object_ownership = ""BucketOwnerPreferred""
  }
}

resource ""aws_s3_bucket_acl"" ""elb_access_log"" {
  bucket = aws_s3_bucket.elb_access_log.id
  acl    = ""private""

  depends_on = [aws_s3_bucket_ownership_controls.elb_access_log]
}

resource ""aws_s3_bucket_policy"" ""elb_access_log"" {
  bucket = aws_s3_bucket.elb_access_log.id
  policy = templatefile(""${path.module}/policies/elb_access_log_bucket.json.tpl"", {
    bucket_name = ""${var.assets_prefix}-${var.env}-${var.elb_access_log_bucket_name}"",
    principal   = var.elb_account_ids[var.region]
  })
}

resource ""aws_s3_bucket_lifecycle_configuration"" ""elb_access_log"" {
  bucket = aws_s3_bucket.elb_access_log.id

  rule {
    id     = ""Expire old previous versions""
    status = ""Enabled""
    prefix = """"

    expiration {
      days = 30
    }
  }
}

data ""aws_s3_bucket"" ""account_region_wide_alb_access_logs"" {
  bucket = ""gds-paas-${var.aws_account}-account-wide-alb-access-logs-${var.region}""
}
","233","Argument is deprecated","Provider Evolution"
"alphagov__paas-cf","23cdaeab8e44b7478850b804a66c007be937c59e","clones/alphagov__paas-cf/terraform/cloudfoundry","77d14c70e421","cebf35d84a24","https://github.com/alphagov/paas-cf/blob/23cdaeab8e44b7478850b804a66c007be937c59e/terraform/cloudfoundry/buckets.tf#L89","False","warning","Argument is deprecated","Use filter instead","clones/alphagov__paas-cf/terraform/cloudfoundry/buckets.tf","89","14","89","16","resource","resource aws_s3_bucket_lifecycle_configuration","resource","resource ""aws_s3_bucket_lifecycle_configuration"" ""buildpacks-s3"" {
  bucket = aws_s3_bucket.buildpacks-s3.id

  rule {
    id     = ""Expire old previous versions""
    status = ""Enabled""
    prefix = """"


    noncurrent_version_expiration {
      noncurrent_days = 36
    }

    expiration {
      expired_object_delete_marker = true
    }
  }
  rule {
    id     = ""Delete old incomplete multi-part uploads""
    status = ""Enabled""

    abort_incomplete_multipart_upload {
      days_after_initiation = 3
    }
  }
}","83","108","aws_s3_bucket_lifecycle_configuration buildpacks-s3","0","1","5","26","21","0","2","9","0","0","0","5","0","0","5","0","0","0","0","0","0","0","0","aws","5.9.0","{""attributes"": {""bucket"": {""type"": ""string"", ""description_kind"": ""plain"", ""required"": true}, ""expected_bucket_owner"": {""type"": ""string"", ""description_kind"": ""plain"", ""optional"": true}, ""id"": {""type"": ""string"", ""description_kind"": ""plain"", ""optional"": true, ""computed"": true}}, ""block_types"": {""rule"": {""nesting_mode"": ""list"", ""block"": {""attributes"": {""id"": {""type"": ""string"", ""description_kind"": ""plain"", ""required"": true}, ""prefix"": {""type"": ""string"", ""description_kind"": ""plain"", ""deprecated"": true, ""optional"": true}, ""status"": {""type"": ""string"", ""description_kind"": ""plain"", ""required"": true}}, ""block_types"": {""abort_incomplete_multipart_upload"": {""nesting_mode"": ""list"", ""block"": {""attributes"": {""days_after_initiation"": {""type"": ""number"", ""description_kind"": ""plain"", ""optional"": true}}, ""description_kind"": ""plain""}, ""max_items"": 1}, ""expiration"": {""nesting_mode"": ""list"", ""block"": {""attributes"": {""date"": {""type"": ""string"", ""description_kind"": ""plain"", ""optional"": true}, ""days"": {""type"": ""number"", ""description_kind"": ""plain"", ""optional"": true}, ""expired_object_delete_marker"": {""type"": ""bool"", ""description_kind"": ""plain"", ""optional"": true, ""computed"": true}}, ""description_kind"": ""plain""}, ""max_items"": 1}, ""filter"": {""nesting_mode"": ""list"", ""block"": {""attributes"": {""object_size_greater_than"": {""type"": ""string"", ""description_kind"": ""plain"", ""optional"": true}, ""object_size_less_than"": {""type"": ""string"", ""description_kind"": ""plain"", ""optional"": true}, ""prefix"": {""type"": ""string"", ""description_kind"": ""plain"", ""optional"": true}}, ""block_types"": {""and"": {""nesting_mode"": ""list"", ""block"": {""attributes"": {""object_size_greater_than"": {""type"": ""number"", ""description_kind"": ""plain"", ""optional"": true}, ""object_size_less_than"": {""type"": ""number"", ""description_kind"": ""plain"", ""optional"": true}, ""prefix"": {""type"": ""string"", ""description_kind"": ""plain"", ""optional"": true}, ""tags"": {""type"": [""map"", ""string""], ""description_kind"": ""plain"", ""optional"": true}}, ""description_kind"": ""plain""}, ""max_items"": 1}, ""tag"": {""nesting_mode"": ""list"", ""block"": {""attributes"": {""key"": {""type"": ""string"", ""description_kind"": ""plain"", ""required"": true}, ""value"": {""type"": ""string"", ""description_kind"": ""plain"", ""required"": true}}, ""description_kind"": ""plain""}, ""max_items"": 1}}, ""description_kind"": ""plain""}, ""max_items"": 1}, ""noncurrent_version_expiration"": {""nesting_mode"": ""list"", ""block"": {""attributes"": {""newer_noncurrent_versions"": {""type"": ""string"", ""description_kind"": ""plain"", ""optional"": true}, ""noncurrent_days"": {""type"": ""number"", ""description_kind"": ""plain"", ""optional"": true}}, ""description_kind"": ""plain""}, ""max_items"": 1}, ""noncurrent_version_transition"": {""nesting_mode"": ""set"", ""block"": {""attributes"": {""newer_noncurrent_versions"": {""type"": ""string"", ""description_kind"": ""plain"", ""optional"": true}, ""noncurrent_days"": {""type"": ""number"", ""description_kind"": ""plain"", ""optional"": true}, ""storage_class"": {""type"": ""string"", ""description_kind"": ""plain"", ""required"": true}}, ""description_kind"": ""plain""}}, ""transition"": {""nesting_mode"": ""set"", ""block"": {""attributes"": {""date"": {""type"": ""string"", ""description_kind"": ""plain"", ""optional"": true}, ""days"": {""type"": ""number"", ""description_kind"": ""plain"", ""optional"": true}, ""storage_class"": {""type"": ""string"", ""description_kind"": ""plain"", ""required"": true}}, ""description_kind"": ""plain""}}}, ""description_kind"": ""plain""}, ""min_items"": 1}}, ""matched_block_name"": ""aws_s3_bucket_lifecycle_configuration"", ""matched_block_type"": ""resource""}","","","","aws_s3_bucket_lifecycle_configuration","resource","resource ""aws_s3_bucket"" ""droplets-s3"" {
  bucket = ""${var.env}-cf-droplets""

  force_destroy = var.bucket_force_destroy
}

resource ""aws_s3_bucket_ownership_controls"" ""droplets-s3"" {
  bucket = aws_s3_bucket.droplets-s3.id
  rule {
    object_ownership = ""BucketOwnerPreferred""
  }
}

resource ""aws_s3_bucket_acl"" ""droplets-s3"" {
  bucket = aws_s3_bucket.droplets-s3.id
  acl    = ""private""

  depends_on = [aws_s3_bucket_ownership_controls.droplets-s3]
}

resource ""aws_s3_bucket_versioning"" ""droplets-s3"" {
  bucket = aws_s3_bucket.droplets-s3.id

  versioning_configuration {
    status = ""Enabled""
  }
}

resource ""aws_s3_bucket_lifecycle_configuration"" ""droplets-s3"" {
  bucket = aws_s3_bucket.droplets-s3.id

  rule {
    id     = ""Expire old previous versions""
    status = ""Enabled""
    prefix = """"

    noncurrent_version_expiration {
      noncurrent_days = 36
    }

    expiration {
      expired_object_delete_marker = true
    }
  }
  rule {
    id     = ""Delete old incomplete multi-part uploads""
    status = ""Enabled""

    abort_incomplete_multipart_upload {
      days_after_initiation = 3
    }
  }
}

resource ""aws_s3_bucket"" ""buildpacks-s3"" {
  bucket = ""${var.env}-cf-buildpacks""

  force_destroy = var.bucket_force_destroy
}

resource ""aws_s3_bucket_ownership_controls"" ""buildpacks-s3"" {
  bucket = aws_s3_bucket.buildpacks-s3.id
  rule {
    object_ownership = ""BucketOwnerPreferred""
  }
}

resource ""aws_s3_bucket_acl"" ""buildpacks-s3"" {
  bucket = aws_s3_bucket.buildpacks-s3.id
  acl    = ""private""

  depends_on = [aws_s3_bucket_ownership_controls.buildpacks-s3]
}

resource ""aws_s3_bucket_versioning"" ""buildpacks-s3"" {
  bucket = aws_s3_bucket.buildpacks-s3.id

  versioning_configuration {
    status = ""Enabled""
  }
}

resource ""aws_s3_bucket_lifecycle_configuration"" ""buildpacks-s3"" {
  bucket = aws_s3_bucket.buildpacks-s3.id

  rule {
    id     = ""Expire old previous versions""
    status = ""Enabled""
    prefix = """"


    noncurrent_version_expiration {
      noncurrent_days = 36
    }

    expiration {
      expired_object_delete_marker = true
    }
  }
  rule {
    id     = ""Delete old incomplete multi-part uploads""
    status = ""Enabled""

    abort_incomplete_multipart_upload {
      days_after_initiation = 3
    }
  }
}
resource ""aws_s3_bucket"" ""packages-s3"" {
  bucket = ""${var.env}-cf-packages""

  force_destroy = var.bucket_force_destroy
}

resource ""aws_s3_bucket_ownership_controls"" ""packages-s3"" {
  bucket = aws_s3_bucket.packages-s3.id
  rule {
    object_ownership = ""BucketOwnerPreferred""
  }
}

resource ""aws_s3_bucket_acl"" ""packages-s3"" {
  bucket = aws_s3_bucket.packages-s3.id
  acl    = ""private""

  depends_on = [aws_s3_bucket_ownership_controls.packages-s3]
}

resource ""aws_s3_bucket_versioning"" ""packages-s3"" {
  bucket = aws_s3_bucket.packages-s3.id

  versioning_configuration {
    status = ""Enabled""
  }
}

resource ""aws_s3_bucket_lifecycle_configuration"" ""packages-s3"" {
  bucket = aws_s3_bucket.packages-s3.id

  rule {
    id     = ""Expire old previous versions""
    status = ""Enabled""
    prefix = """"

    noncurrent_version_expiration {
      noncurrent_days = 36
    }

    expiration {
      expired_object_delete_marker = true
    }
  }
  rule {
    id     = ""Delete old incomplete multi-part uploads""
    status = ""Enabled""

    abort_incomplete_multipart_upload {
      days_after_initiation = 3
    }
  }
}
resource ""aws_s3_bucket"" ""resources-s3"" {
  bucket = ""${var.env}-cf-resources""

  force_destroy = var.bucket_force_destroy
}

resource ""aws_s3_bucket_ownership_controls"" ""resources-s3"" {
  bucket = aws_s3_bucket.resources-s3.id
  rule {
    object_ownership = ""BucketOwnerPreferred""
  }
}

resource ""aws_s3_bucket_acl"" ""resources-s3"" {
  bucket = aws_s3_bucket.resources-s3.id
  acl    = ""private""

  depends_on = [aws_s3_bucket_ownership_controls.resources-s3]
}

resource ""aws_s3_bucket_versioning"" ""resources-s3"" {
  bucket = aws_s3_bucket.resources-s3.id

  versioning_configuration {
    status = ""Enabled""
  }
}

resource ""aws_s3_bucket_lifecycle_configuration"" ""resources-s3"" {
  bucket = aws_s3_bucket.resources-s3.id

  rule {
    id     = ""Expire old previous versions""
    status = ""Enabled""
    prefix = """"

    noncurrent_version_expiration {
      noncurrent_days = 36
    }

    expiration {
      expired_object_delete_marker = true
    }
  }
  rule {
    id     = ""Delete old incomplete multi-part uploads""
    status = ""Enabled""

    abort_incomplete_multipart_upload {
      days_after_initiation = 3
    }
  }
}
resource ""aws_s3_bucket"" ""test-artifacts"" {
  bucket        = ""gds-paas-${var.env}-test-artifacts""
  force_destroy = ""true""
}

resource ""aws_s3_bucket_ownership_controls"" ""test-artifacts"" {
  bucket = aws_s3_bucket.test-artifacts.id
  rule {
    object_ownership = ""BucketOwnerPreferred""
  }
}

resource ""aws_s3_bucket_acl"" ""test-artifacts"" {
  bucket = aws_s3_bucket.test-artifacts.id
  acl    = ""private""

  depends_on = [aws_s3_bucket_ownership_controls.test-artifacts]
}

resource ""aws_s3_bucket_lifecycle_configuration"" ""test-artifacts"" {
  bucket = aws_s3_bucket.test-artifacts.id


  rule {
    id     = ""Expire old previous versions""
    status = ""Enabled""
    prefix = """"

    expiration {
      days = 7
    }
  }
}

variable ""elb_access_log_bucket_name"" {
  default = ""elb-access-log""
}

resource ""aws_s3_bucket"" ""elb_access_log"" {
  bucket        = ""${var.assets_prefix}-${var.env}-${var.elb_access_log_bucket_name}""
  force_destroy = ""true""
}

resource ""aws_s3_bucket_ownership_controls"" ""elb_access_log"" {
  bucket = aws_s3_bucket.elb_access_log.id
  rule {
    object_ownership = ""BucketOwnerPreferred""
  }
}

resource ""aws_s3_bucket_acl"" ""elb_access_log"" {
  bucket = aws_s3_bucket.elb_access_log.id
  acl    = ""private""

  depends_on = [aws_s3_bucket_ownership_controls.elb_access_log]
}

resource ""aws_s3_bucket_policy"" ""elb_access_log"" {
  bucket = aws_s3_bucket.elb_access_log.id
  policy = templatefile(""${path.module}/policies/elb_access_log_bucket.json.tpl"", {
    bucket_name = ""${var.assets_prefix}-${var.env}-${var.elb_access_log_bucket_name}"",
    principal   = var.elb_account_ids[var.region]
  })
}

resource ""aws_s3_bucket_lifecycle_configuration"" ""elb_access_log"" {
  bucket = aws_s3_bucket.elb_access_log.id

  rule {
    id     = ""Expire old previous versions""
    status = ""Enabled""
    prefix = """"

    expiration {
      days = 30
    }
  }
}

data ""aws_s3_bucket"" ""account_region_wide_alb_access_logs"" {
  bucket = ""gds-paas-${var.aws_account}-account-wide-alb-access-logs-${var.region}""
}
","233","Argument is deprecated","Provider Evolution"
"alphagov__paas-cf","23cdaeab8e44b7478850b804a66c007be937c59e","clones/alphagov__paas-cf/terraform/cloudfoundry","21469c068dae","9f9a229db525","https://github.com/alphagov/paas-cf/blob/23cdaeab8e44b7478850b804a66c007be937c59e/terraform/cloudfoundry/buckets.tf#L241","False","warning","Argument is deprecated","Use filter instead","clones/alphagov__paas-cf/terraform/cloudfoundry/buckets.tf","241","14","241","16","resource","resource aws_s3_bucket_lifecycle_configuration","resource","resource ""aws_s3_bucket_lifecycle_configuration"" ""test-artifacts"" {
  bucket = aws_s3_bucket.test-artifacts.id


  rule {
    id     = ""Expire old previous versions""
    status = ""Enabled""
    prefix = """"

    expiration {
      days = 7
    }
  }
}","234","247","aws_s3_bucket_lifecycle_configuration test-artifacts","0","1","3","14","11","0","2","5","0","0","0","3","0","0","2","0","0","0","0","0","0","0","0","aws","5.9.0","{""attributes"": {""bucket"": {""type"": ""string"", ""description_kind"": ""plain"", ""required"": true}, ""expected_bucket_owner"": {""type"": ""string"", ""description_kind"": ""plain"", ""optional"": true}, ""id"": {""type"": ""string"", ""description_kind"": ""plain"", ""optional"": true, ""computed"": true}}, ""block_types"": {""rule"": {""nesting_mode"": ""list"", ""block"": {""attributes"": {""id"": {""type"": ""string"", ""description_kind"": ""plain"", ""required"": true}, ""prefix"": {""type"": ""string"", ""description_kind"": ""plain"", ""deprecated"": true, ""optional"": true}, ""status"": {""type"": ""string"", ""description_kind"": ""plain"", ""required"": true}}, ""block_types"": {""abort_incomplete_multipart_upload"": {""nesting_mode"": ""list"", ""block"": {""attributes"": {""days_after_initiation"": {""type"": ""number"", ""description_kind"": ""plain"", ""optional"": true}}, ""description_kind"": ""plain""}, ""max_items"": 1}, ""expiration"": {""nesting_mode"": ""list"", ""block"": {""attributes"": {""date"": {""type"": ""string"", ""description_kind"": ""plain"", ""optional"": true}, ""days"": {""type"": ""number"", ""description_kind"": ""plain"", ""optional"": true}, ""expired_object_delete_marker"": {""type"": ""bool"", ""description_kind"": ""plain"", ""optional"": true, ""computed"": true}}, ""description_kind"": ""plain""}, ""max_items"": 1}, ""filter"": {""nesting_mode"": ""list"", ""block"": {""attributes"": {""object_size_greater_than"": {""type"": ""string"", ""description_kind"": ""plain"", ""optional"": true}, ""object_size_less_than"": {""type"": ""string"", ""description_kind"": ""plain"", ""optional"": true}, ""prefix"": {""type"": ""string"", ""description_kind"": ""plain"", ""optional"": true}}, ""block_types"": {""and"": {""nesting_mode"": ""list"", ""block"": {""attributes"": {""object_size_greater_than"": {""type"": ""number"", ""description_kind"": ""plain"", ""optional"": true}, ""object_size_less_than"": {""type"": ""number"", ""description_kind"": ""plain"", ""optional"": true}, ""prefix"": {""type"": ""string"", ""description_kind"": ""plain"", ""optional"": true}, ""tags"": {""type"": [""map"", ""string""], ""description_kind"": ""plain"", ""optional"": true}}, ""description_kind"": ""plain""}, ""max_items"": 1}, ""tag"": {""nesting_mode"": ""list"", ""block"": {""attributes"": {""key"": {""type"": ""string"", ""description_kind"": ""plain"", ""required"": true}, ""value"": {""type"": ""string"", ""description_kind"": ""plain"", ""required"": true}}, ""description_kind"": ""plain""}, ""max_items"": 1}}, ""description_kind"": ""plain""}, ""max_items"": 1}, ""noncurrent_version_expiration"": {""nesting_mode"": ""list"", ""block"": {""attributes"": {""newer_noncurrent_versions"": {""type"": ""string"", ""description_kind"": ""plain"", ""optional"": true}, ""noncurrent_days"": {""type"": ""number"", ""description_kind"": ""plain"", ""optional"": true}}, ""description_kind"": ""plain""}, ""max_items"": 1}, ""noncurrent_version_transition"": {""nesting_mode"": ""set"", ""block"": {""attributes"": {""newer_noncurrent_versions"": {""type"": ""string"", ""description_kind"": ""plain"", ""optional"": true}, ""noncurrent_days"": {""type"": ""number"", ""description_kind"": ""plain"", ""optional"": true}, ""storage_class"": {""type"": ""string"", ""description_kind"": ""plain"", ""required"": true}}, ""description_kind"": ""plain""}}, ""transition"": {""nesting_mode"": ""set"", ""block"": {""attributes"": {""date"": {""type"": ""string"", ""description_kind"": ""plain"", ""optional"": true}, ""days"": {""type"": ""number"", ""description_kind"": ""plain"", ""optional"": true}, ""storage_class"": {""type"": ""string"", ""description_kind"": ""plain"", ""required"": true}}, ""description_kind"": ""plain""}}}, ""description_kind"": ""plain""}, ""min_items"": 1}}, ""matched_block_name"": ""aws_s3_bucket_lifecycle_configuration"", ""matched_block_type"": ""resource""}","","","","aws_s3_bucket_lifecycle_configuration","resource","resource ""aws_s3_bucket"" ""droplets-s3"" {
  bucket = ""${var.env}-cf-droplets""

  force_destroy = var.bucket_force_destroy
}

resource ""aws_s3_bucket_ownership_controls"" ""droplets-s3"" {
  bucket = aws_s3_bucket.droplets-s3.id
  rule {
    object_ownership = ""BucketOwnerPreferred""
  }
}

resource ""aws_s3_bucket_acl"" ""droplets-s3"" {
  bucket = aws_s3_bucket.droplets-s3.id
  acl    = ""private""

  depends_on = [aws_s3_bucket_ownership_controls.droplets-s3]
}

resource ""aws_s3_bucket_versioning"" ""droplets-s3"" {
  bucket = aws_s3_bucket.droplets-s3.id

  versioning_configuration {
    status = ""Enabled""
  }
}

resource ""aws_s3_bucket_lifecycle_configuration"" ""droplets-s3"" {
  bucket = aws_s3_bucket.droplets-s3.id

  rule {
    id     = ""Expire old previous versions""
    status = ""Enabled""
    prefix = """"

    noncurrent_version_expiration {
      noncurrent_days = 36
    }

    expiration {
      expired_object_delete_marker = true
    }
  }
  rule {
    id     = ""Delete old incomplete multi-part uploads""
    status = ""Enabled""

    abort_incomplete_multipart_upload {
      days_after_initiation = 3
    }
  }
}

resource ""aws_s3_bucket"" ""buildpacks-s3"" {
  bucket = ""${var.env}-cf-buildpacks""

  force_destroy = var.bucket_force_destroy
}

resource ""aws_s3_bucket_ownership_controls"" ""buildpacks-s3"" {
  bucket = aws_s3_bucket.buildpacks-s3.id
  rule {
    object_ownership = ""BucketOwnerPreferred""
  }
}

resource ""aws_s3_bucket_acl"" ""buildpacks-s3"" {
  bucket = aws_s3_bucket.buildpacks-s3.id
  acl    = ""private""

  depends_on = [aws_s3_bucket_ownership_controls.buildpacks-s3]
}

resource ""aws_s3_bucket_versioning"" ""buildpacks-s3"" {
  bucket = aws_s3_bucket.buildpacks-s3.id

  versioning_configuration {
    status = ""Enabled""
  }
}

resource ""aws_s3_bucket_lifecycle_configuration"" ""buildpacks-s3"" {
  bucket = aws_s3_bucket.buildpacks-s3.id

  rule {
    id     = ""Expire old previous versions""
    status = ""Enabled""
    prefix = """"


    noncurrent_version_expiration {
      noncurrent_days = 36
    }

    expiration {
      expired_object_delete_marker = true
    }
  }
  rule {
    id     = ""Delete old incomplete multi-part uploads""
    status = ""Enabled""

    abort_incomplete_multipart_upload {
      days_after_initiation = 3
    }
  }
}
resource ""aws_s3_bucket"" ""packages-s3"" {
  bucket = ""${var.env}-cf-packages""

  force_destroy = var.bucket_force_destroy
}

resource ""aws_s3_bucket_ownership_controls"" ""packages-s3"" {
  bucket = aws_s3_bucket.packages-s3.id
  rule {
    object_ownership = ""BucketOwnerPreferred""
  }
}

resource ""aws_s3_bucket_acl"" ""packages-s3"" {
  bucket = aws_s3_bucket.packages-s3.id
  acl    = ""private""

  depends_on = [aws_s3_bucket_ownership_controls.packages-s3]
}

resource ""aws_s3_bucket_versioning"" ""packages-s3"" {
  bucket = aws_s3_bucket.packages-s3.id

  versioning_configuration {
    status = ""Enabled""
  }
}

resource ""aws_s3_bucket_lifecycle_configuration"" ""packages-s3"" {
  bucket = aws_s3_bucket.packages-s3.id

  rule {
    id     = ""Expire old previous versions""
    status = ""Enabled""
    prefix = """"

    noncurrent_version_expiration {
      noncurrent_days = 36
    }

    expiration {
      expired_object_delete_marker = true
    }
  }
  rule {
    id     = ""Delete old incomplete multi-part uploads""
    status = ""Enabled""

    abort_incomplete_multipart_upload {
      days_after_initiation = 3
    }
  }
}
resource ""aws_s3_bucket"" ""resources-s3"" {
  bucket = ""${var.env}-cf-resources""

  force_destroy = var.bucket_force_destroy
}

resource ""aws_s3_bucket_ownership_controls"" ""resources-s3"" {
  bucket = aws_s3_bucket.resources-s3.id
  rule {
    object_ownership = ""BucketOwnerPreferred""
  }
}

resource ""aws_s3_bucket_acl"" ""resources-s3"" {
  bucket = aws_s3_bucket.resources-s3.id
  acl    = ""private""

  depends_on = [aws_s3_bucket_ownership_controls.resources-s3]
}

resource ""aws_s3_bucket_versioning"" ""resources-s3"" {
  bucket = aws_s3_bucket.resources-s3.id

  versioning_configuration {
    status = ""Enabled""
  }
}

resource ""aws_s3_bucket_lifecycle_configuration"" ""resources-s3"" {
  bucket = aws_s3_bucket.resources-s3.id

  rule {
    id     = ""Expire old previous versions""
    status = ""Enabled""
    prefix = """"

    noncurrent_version_expiration {
      noncurrent_days = 36
    }

    expiration {
      expired_object_delete_marker = true
    }
  }
  rule {
    id     = ""Delete old incomplete multi-part uploads""
    status = ""Enabled""

    abort_incomplete_multipart_upload {
      days_after_initiation = 3
    }
  }
}
resource ""aws_s3_bucket"" ""test-artifacts"" {
  bucket        = ""gds-paas-${var.env}-test-artifacts""
  force_destroy = ""true""
}

resource ""aws_s3_bucket_ownership_controls"" ""test-artifacts"" {
  bucket = aws_s3_bucket.test-artifacts.id
  rule {
    object_ownership = ""BucketOwnerPreferred""
  }
}

resource ""aws_s3_bucket_acl"" ""test-artifacts"" {
  bucket = aws_s3_bucket.test-artifacts.id
  acl    = ""private""

  depends_on = [aws_s3_bucket_ownership_controls.test-artifacts]
}

resource ""aws_s3_bucket_lifecycle_configuration"" ""test-artifacts"" {
  bucket = aws_s3_bucket.test-artifacts.id


  rule {
    id     = ""Expire old previous versions""
    status = ""Enabled""
    prefix = """"

    expiration {
      days = 7
    }
  }
}

variable ""elb_access_log_bucket_name"" {
  default = ""elb-access-log""
}

resource ""aws_s3_bucket"" ""elb_access_log"" {
  bucket        = ""${var.assets_prefix}-${var.env}-${var.elb_access_log_bucket_name}""
  force_destroy = ""true""
}

resource ""aws_s3_bucket_ownership_controls"" ""elb_access_log"" {
  bucket = aws_s3_bucket.elb_access_log.id
  rule {
    object_ownership = ""BucketOwnerPreferred""
  }
}

resource ""aws_s3_bucket_acl"" ""elb_access_log"" {
  bucket = aws_s3_bucket.elb_access_log.id
  acl    = ""private""

  depends_on = [aws_s3_bucket_ownership_controls.elb_access_log]
}

resource ""aws_s3_bucket_policy"" ""elb_access_log"" {
  bucket = aws_s3_bucket.elb_access_log.id
  policy = templatefile(""${path.module}/policies/elb_access_log_bucket.json.tpl"", {
    bucket_name = ""${var.assets_prefix}-${var.env}-${var.elb_access_log_bucket_name}"",
    principal   = var.elb_account_ids[var.region]
  })
}

resource ""aws_s3_bucket_lifecycle_configuration"" ""elb_access_log"" {
  bucket = aws_s3_bucket.elb_access_log.id

  rule {
    id     = ""Expire old previous versions""
    status = ""Enabled""
    prefix = """"

    expiration {
      days = 30
    }
  }
}

data ""aws_s3_bucket"" ""account_region_wide_alb_access_logs"" {
  bucket = ""gds-paas-${var.aws_account}-account-wide-alb-access-logs-${var.region}""
}
","233","Argument is deprecated","Provider Evolution"
"alphagov__paas-cf","23cdaeab8e44b7478850b804a66c007be937c59e","clones/alphagov__paas-cf/terraform/cloudfoundry","ca9bc1e51ef2","3030786330e5","https://github.com/alphagov/paas-cf/blob/23cdaeab8e44b7478850b804a66c007be937c59e/terraform/cloudfoundry/nat.tf#L3","False","warning","Argument is deprecated","use domain attribute instead","clones/alphagov__paas-cf/terraform/cloudfoundry/nat.tf","3","11","3","15","resource","resource aws_eip","resource","resource ""aws_eip"" ""cf"" {
  count = var.zone_count
  vpc   = true
}","1","4","aws_eip cf","4","1","0","4","4","0","1","2","0","0","0","0","0","0","0","0","0","0","0","0","0","0","0","aws","5.9.0","{""attributes"": {""address"": {""type"": ""string"", ""description_kind"": ""plain"", ""optional"": true}, ""allocation_id"": {""type"": ""string"", ""description_kind"": ""plain"", ""computed"": true}, ""associate_with_private_ip"": {""type"": ""string"", ""description_kind"": ""plain"", ""optional"": true}, ""association_id"": {""type"": ""string"", ""description_kind"": ""plain"", ""computed"": true}, ""carrier_ip"": {""type"": ""string"", ""description_kind"": ""plain"", ""computed"": true}, ""customer_owned_ip"": {""type"": ""string"", ""description_kind"": ""plain"", ""computed"": true}, ""customer_owned_ipv4_pool"": {""type"": ""string"", ""description_kind"": ""plain"", ""optional"": true}, ""domain"": {""type"": ""string"", ""description_kind"": ""plain"", ""optional"": true, ""computed"": true}, ""id"": {""type"": ""string"", ""description_kind"": ""plain"", ""optional"": true, ""computed"": true}, ""instance"": {""type"": ""string"", ""description_kind"": ""plain"", ""optional"": true, ""computed"": true}, ""network_border_group"": {""type"": ""string"", ""description_kind"": ""plain"", ""optional"": true, ""computed"": true}, ""network_interface"": {""type"": ""string"", ""description_kind"": ""plain"", ""optional"": true, ""computed"": true}, ""private_dns"": {""type"": ""string"", ""description_kind"": ""plain"", ""computed"": true}, ""private_ip"": {""type"": ""string"", ""description_kind"": ""plain"", ""computed"": true}, ""public_dns"": {""type"": ""string"", ""description_kind"": ""plain"", ""computed"": true}, ""public_ip"": {""type"": ""string"", ""description_kind"": ""plain"", ""computed"": true}, ""public_ipv4_pool"": {""type"": ""string"", ""description_kind"": ""plain"", ""optional"": true, ""computed"": true}, ""tags"": {""type"": [""map"", ""string""], ""description_kind"": ""plain"", ""optional"": true}, ""tags_all"": {""type"": [""map"", ""string""], ""description_kind"": ""plain"", ""optional"": true, ""computed"": true}, ""vpc"": {""type"": ""bool"", ""description_kind"": ""plain"", ""deprecated"": true, ""optional"": true, ""computed"": true}}, ""block_types"": {""timeouts"": {""nesting_mode"": ""single"", ""block"": {""attributes"": {""delete"": {""type"": ""string"", ""description_kind"": ""plain"", ""optional"": true}, ""read"": {""type"": ""string"", ""description_kind"": ""plain"", ""optional"": true}, ""update"": {""type"": ""string"", ""description_kind"": ""plain"", ""optional"": true}}, ""description_kind"": ""plain""}}}, ""matched_block_name"": ""aws_eip"", ""matched_block_type"": ""resource""}","","","","aws_eip","resource","resource ""aws_eip"" ""cf"" {
  count = var.zone_count
  vpc   = true
}

resource ""aws_nat_gateway"" ""cf"" {
  count         = var.zone_count
  allocation_id = element(aws_eip.cf.*.id, count.index)
  subnet_id     = element(split("","", var.infra_subnet_ids), count.index)
}

resource ""aws_route_table"" ""internet"" {
  vpc_id = var.vpc_id
  count  = var.zone_count
  tags = {
    Name = ""${var.env}-cf""
  }
}

resource ""aws_route"" ""internet"" {
  count                  = var.zone_count
  route_table_id         = element(aws_route_table.internet.*.id, count.index)
  destination_cidr_block = ""0.0.0.0/0""
  nat_gateway_id         = element(aws_nat_gateway.cf.*.id, count.index)
}

resource ""aws_route_table_association"" ""internet"" {
  count          = var.zone_count
  subnet_id      = element(aws_subnet.cf.*.id, count.index)
  route_table_id = element(aws_route_table.internet.*.id, count.index)
}

resource ""aws_route_table_association"" ""cell_internet"" {
  count          = var.zone_count
  subnet_id      = element(aws_subnet.cell.*.id, count.index)
  route_table_id = element(aws_route_table.internet.*.id, count.index)
}

resource ""aws_route_table_association"" ""router_internet"" {
  count          = var.zone_count
  subnet_id      = element(aws_subnet.router.*.id, count.index)
  route_table_id = element(aws_route_table.internet.*.id, count.index)
}
","37","Argument is deprecated","Provider Evolution"
