"project_name","working_directory","oid","specific_oid","original_problem_oid","iteration_id","severity","summary","detail","filename","line_start","col_start","line_end","col_end","file_content","block_type","block_identifiers","block_type_full","impacted_block_type","impacted_block_start_line","impacted_block_end_line","impacted_block_content","is_original_error","is_new_error","is_new_to_dataset","introduced_in_this_iteration","exists_in_iterations","first_seen_in"
"alphagov__paas-cf","../TF_validation_reproducer/clones/alphagov__paas-cf/terraform/cloudfoundry","b009953a3ac3","cbea6e4ff011","97592711dc88","1","warning","Argument is deprecated","Use filter instead","clones/alphagov__paas-cf/terraform/cloudfoundry/buckets.tf","286","14","286","16","resource ""aws_s3_bucket"" ""droplets-s3"" {
  bucket = ""${var.env}-cf-droplets""

  force_destroy = var.bucket_force_destroy
}

resource ""aws_s3_bucket_ownership_controls"" ""droplets-s3"" {
  bucket = aws_s3_bucket.droplets-s3.id
  rule {
    object_ownership = ""BucketOwnerPreferred""
  }
}

resource ""aws_s3_bucket_acl"" ""droplets-s3"" {
  bucket = aws_s3_bucket.droplets-s3.id
  acl    = ""private""

  depends_on = [aws_s3_bucket_ownership_controls.droplets-s3]
}

resource ""aws_s3_bucket_versioning"" ""droplets-s3"" {
  bucket = aws_s3_bucket.droplets-s3.id

  versioning_configuration {
    status = ""Enabled""
  }
}

resource ""aws_s3_bucket_lifecycle_configuration"" ""droplets-s3"" {
  bucket = aws_s3_bucket.droplets-s3.id

  rule {
    id     = ""Expire old previous versions""
    status = ""Enabled""
    prefix = """"

    noncurrent_version_expiration {
      noncurrent_days = 36
    }

    expiration {
      expired_object_delete_marker = true
    }
  }
  rule {
    id     = ""Delete old incomplete multi-part uploads""
    status = ""Enabled""

    abort_incomplete_multipart_upload {
      days_after_initiation = 3
    }
  }
}

resource ""aws_s3_bucket"" ""buildpacks-s3"" {
  bucket = ""${var.env}-cf-buildpacks""

  force_destroy = var.bucket_force_destroy
}

resource ""aws_s3_bucket_ownership_controls"" ""buildpacks-s3"" {
  bucket = aws_s3_bucket.buildpacks-s3.id
  rule {
    object_ownership = ""BucketOwnerPreferred""
  }
}

resource ""aws_s3_bucket_acl"" ""buildpacks-s3"" {
  bucket = aws_s3_bucket.buildpacks-s3.id
  acl    = ""private""

  depends_on = [aws_s3_bucket_ownership_controls.buildpacks-s3]
}

resource ""aws_s3_bucket_versioning"" ""buildpacks-s3"" {
  bucket = aws_s3_bucket.buildpacks-s3.id

  versioning_configuration {
    status = ""Enabled""
  }
}

resource ""aws_s3_bucket_lifecycle_configuration"" ""buildpacks-s3"" {
  bucket = aws_s3_bucket.buildpacks-s3.id

  rule {
    id     = ""Expire old previous versions""
    status = ""Enabled""
    prefix = """"


    noncurrent_version_expiration {
      noncurrent_days = 36
    }

    expiration {
      expired_object_delete_marker = true
    }
  }
  rule {
    id     = ""Delete old incomplete multi-part uploads""
    status = ""Enabled""

    abort_incomplete_multipart_upload {
      days_after_initiation = 3
    }
  }
}
resource ""aws_s3_bucket"" ""packages-s3"" {
  bucket = ""${var.env}-cf-packages""

  force_destroy = var.bucket_force_destroy
}

resource ""aws_s3_bucket_ownership_controls"" ""packages-s3"" {
  bucket = aws_s3_bucket.packages-s3.id
  rule {
    object_ownership = ""BucketOwnerPreferred""
  }
}

resource ""aws_s3_bucket_acl"" ""packages-s3"" {
  bucket = aws_s3_bucket.packages-s3.id
  acl    = ""private""

  depends_on = [aws_s3_bucket_ownership_controls.packages-s3]
}

resource ""aws_s3_bucket_versioning"" ""packages-s3"" {
  bucket = aws_s3_bucket.packages-s3.id

  versioning_configuration {
    status = ""Enabled""
  }
}

resource ""aws_s3_bucket_lifecycle_configuration"" ""packages-s3"" {
  bucket = aws_s3_bucket.packages-s3.id

  rule {
    id     = ""Expire old previous versions""
    status = ""Enabled""
    prefix = """"

    noncurrent_version_expiration {
      noncurrent_days = 36
    }

    expiration {
      expired_object_delete_marker = true
    }
  }
  rule {
    id     = ""Delete old incomplete multi-part uploads""
    status = ""Enabled""

    abort_incomplete_multipart_upload {
      days_after_initiation = 3
    }
  }
}
resource ""aws_s3_bucket"" ""resources-s3"" {
  bucket = ""${var.env}-cf-resources""

  force_destroy = var.bucket_force_destroy
}

resource ""aws_s3_bucket_ownership_controls"" ""resources-s3"" {
  bucket = aws_s3_bucket.resources-s3.id
  rule {
    object_ownership = ""BucketOwnerPreferred""
  }
}

resource ""aws_s3_bucket_acl"" ""resources-s3"" {
  bucket = aws_s3_bucket.resources-s3.id
  acl    = ""private""

  depends_on = [aws_s3_bucket_ownership_controls.resources-s3]
}

resource ""aws_s3_bucket_versioning"" ""resources-s3"" {
  bucket = aws_s3_bucket.resources-s3.id

  versioning_configuration {
    status = ""Enabled""
  }
}

resource ""aws_s3_bucket_lifecycle_configuration"" ""resources-s3"" {
  bucket = aws_s3_bucket.resources-s3.id

  rule {
    id     = ""Expire old previous versions""
    status = ""Enabled""
    prefix = """"

    noncurrent_version_expiration {
      noncurrent_days = 36
    }

    expiration {
      expired_object_delete_marker = true
    }
  }
  rule {
    id     = ""Delete old incomplete multi-part uploads""
    status = ""Enabled""

    abort_incomplete_multipart_upload {
      days_after_initiation = 3
    }
  }
}
resource ""aws_s3_bucket"" ""test-artifacts"" {
  bucket        = ""gds-paas-${var.env}-test-artifacts""
  force_destroy = ""true""
}

resource ""aws_s3_bucket_ownership_controls"" ""test-artifacts"" {
  bucket = aws_s3_bucket.test-artifacts.id
  rule {
    object_ownership = ""BucketOwnerPreferred""
  }
}

resource ""aws_s3_bucket_acl"" ""test-artifacts"" {
  bucket = aws_s3_bucket.test-artifacts.id
  acl    = ""private""

  depends_on = [aws_s3_bucket_ownership_controls.test-artifacts]
}

resource ""aws_s3_bucket_lifecycle_configuration"" ""test-artifacts"" {
  bucket = aws_s3_bucket.test-artifacts.id


  rule {
    id     = ""Expire old previous versions""
    status = ""Enabled""
    prefix = """"

    expiration {
      days = 7
    }
  }
}

variable ""elb_access_log_bucket_name"" {
  default = ""elb-access-log""
}

resource ""aws_s3_bucket"" ""elb_access_log"" {
  bucket        = ""${var.assets_prefix}-${var.env}-${var.elb_access_log_bucket_name}""
  force_destroy = ""true""
}

resource ""aws_s3_bucket_ownership_controls"" ""elb_access_log"" {
  bucket = aws_s3_bucket.elb_access_log.id
  rule {
    object_ownership = ""BucketOwnerPreferred""
  }
}

resource ""aws_s3_bucket_acl"" ""elb_access_log"" {
  bucket = aws_s3_bucket.elb_access_log.id
  acl    = ""private""

  depends_on = [aws_s3_bucket_ownership_controls.elb_access_log]
}

resource ""aws_s3_bucket_policy"" ""elb_access_log"" {
  bucket = aws_s3_bucket.elb_access_log.id
  policy = templatefile(""${path.module}/policies/elb_access_log_bucket.json.tpl"", {
    bucket_name = ""${var.assets_prefix}-${var.env}-${var.elb_access_log_bucket_name}"",
    principal   = var.elb_account_ids[var.region]
  })
}

resource ""aws_s3_bucket_lifecycle_configuration"" ""elb_access_log"" {
  bucket = aws_s3_bucket.elb_access_log.id

  rule {
    id     = ""Expire old previous versions""
    status = ""Enabled""
    prefix = """"

    expiration {
      days = 30
    }
  }
}

data ""aws_s3_bucket"" ""account_region_wide_alb_access_logs"" {
  bucket = ""gds-paas-${var.aws_account}-account-wide-alb-access-logs-${var.region}""
}
","resource","aws_s3_bucket_lifecycle_configuration elb_access_log","resource aws_s3_bucket_lifecycle_configuration","resource","280","292","resource ""aws_s3_bucket_lifecycle_configuration"" ""elb_access_log"" {
  bucket = aws_s3_bucket.elb_access_log.id

  rule {
    id     = ""Expire old previous versions""
    status = ""Enabled""
    prefix = """"

    expiration {
      days = 30
    }
  }
}","False","True","True","True","","1"
"alphagov__paas-cf","../TF_validation_reproducer/clones/alphagov__paas-cf/terraform/cloudfoundry","621a79c31909","9f9a229db525","97592711dc88","1","warning","Argument is deprecated","Use filter instead","clones/alphagov__paas-cf/terraform/cloudfoundry/buckets.tf","241","14","241","16","resource ""aws_s3_bucket"" ""droplets-s3"" {
  bucket = ""${var.env}-cf-droplets""

  force_destroy = var.bucket_force_destroy
}

resource ""aws_s3_bucket_ownership_controls"" ""droplets-s3"" {
  bucket = aws_s3_bucket.droplets-s3.id
  rule {
    object_ownership = ""BucketOwnerPreferred""
  }
}

resource ""aws_s3_bucket_acl"" ""droplets-s3"" {
  bucket = aws_s3_bucket.droplets-s3.id
  acl    = ""private""

  depends_on = [aws_s3_bucket_ownership_controls.droplets-s3]
}

resource ""aws_s3_bucket_versioning"" ""droplets-s3"" {
  bucket = aws_s3_bucket.droplets-s3.id

  versioning_configuration {
    status = ""Enabled""
  }
}

resource ""aws_s3_bucket_lifecycle_configuration"" ""droplets-s3"" {
  bucket = aws_s3_bucket.droplets-s3.id

  rule {
    id     = ""Expire old previous versions""
    status = ""Enabled""
    prefix = """"

    noncurrent_version_expiration {
      noncurrent_days = 36
    }

    expiration {
      expired_object_delete_marker = true
    }
  }
  rule {
    id     = ""Delete old incomplete multi-part uploads""
    status = ""Enabled""

    abort_incomplete_multipart_upload {
      days_after_initiation = 3
    }
  }
}

resource ""aws_s3_bucket"" ""buildpacks-s3"" {
  bucket = ""${var.env}-cf-buildpacks""

  force_destroy = var.bucket_force_destroy
}

resource ""aws_s3_bucket_ownership_controls"" ""buildpacks-s3"" {
  bucket = aws_s3_bucket.buildpacks-s3.id
  rule {
    object_ownership = ""BucketOwnerPreferred""
  }
}

resource ""aws_s3_bucket_acl"" ""buildpacks-s3"" {
  bucket = aws_s3_bucket.buildpacks-s3.id
  acl    = ""private""

  depends_on = [aws_s3_bucket_ownership_controls.buildpacks-s3]
}

resource ""aws_s3_bucket_versioning"" ""buildpacks-s3"" {
  bucket = aws_s3_bucket.buildpacks-s3.id

  versioning_configuration {
    status = ""Enabled""
  }
}

resource ""aws_s3_bucket_lifecycle_configuration"" ""buildpacks-s3"" {
  bucket = aws_s3_bucket.buildpacks-s3.id

  rule {
    id     = ""Expire old previous versions""
    status = ""Enabled""
    prefix = """"


    noncurrent_version_expiration {
      noncurrent_days = 36
    }

    expiration {
      expired_object_delete_marker = true
    }
  }
  rule {
    id     = ""Delete old incomplete multi-part uploads""
    status = ""Enabled""

    abort_incomplete_multipart_upload {
      days_after_initiation = 3
    }
  }
}
resource ""aws_s3_bucket"" ""packages-s3"" {
  bucket = ""${var.env}-cf-packages""

  force_destroy = var.bucket_force_destroy
}

resource ""aws_s3_bucket_ownership_controls"" ""packages-s3"" {
  bucket = aws_s3_bucket.packages-s3.id
  rule {
    object_ownership = ""BucketOwnerPreferred""
  }
}

resource ""aws_s3_bucket_acl"" ""packages-s3"" {
  bucket = aws_s3_bucket.packages-s3.id
  acl    = ""private""

  depends_on = [aws_s3_bucket_ownership_controls.packages-s3]
}

resource ""aws_s3_bucket_versioning"" ""packages-s3"" {
  bucket = aws_s3_bucket.packages-s3.id

  versioning_configuration {
    status = ""Enabled""
  }
}

resource ""aws_s3_bucket_lifecycle_configuration"" ""packages-s3"" {
  bucket = aws_s3_bucket.packages-s3.id

  rule {
    id     = ""Expire old previous versions""
    status = ""Enabled""
    prefix = """"

    noncurrent_version_expiration {
      noncurrent_days = 36
    }

    expiration {
      expired_object_delete_marker = true
    }
  }
  rule {
    id     = ""Delete old incomplete multi-part uploads""
    status = ""Enabled""

    abort_incomplete_multipart_upload {
      days_after_initiation = 3
    }
  }
}
resource ""aws_s3_bucket"" ""resources-s3"" {
  bucket = ""${var.env}-cf-resources""

  force_destroy = var.bucket_force_destroy
}

resource ""aws_s3_bucket_ownership_controls"" ""resources-s3"" {
  bucket = aws_s3_bucket.resources-s3.id
  rule {
    object_ownership = ""BucketOwnerPreferred""
  }
}

resource ""aws_s3_bucket_acl"" ""resources-s3"" {
  bucket = aws_s3_bucket.resources-s3.id
  acl    = ""private""

  depends_on = [aws_s3_bucket_ownership_controls.resources-s3]
}

resource ""aws_s3_bucket_versioning"" ""resources-s3"" {
  bucket = aws_s3_bucket.resources-s3.id

  versioning_configuration {
    status = ""Enabled""
  }
}

resource ""aws_s3_bucket_lifecycle_configuration"" ""resources-s3"" {
  bucket = aws_s3_bucket.resources-s3.id

  rule {
    id     = ""Expire old previous versions""
    status = ""Enabled""
    prefix = """"

    noncurrent_version_expiration {
      noncurrent_days = 36
    }

    expiration {
      expired_object_delete_marker = true
    }
  }
  rule {
    id     = ""Delete old incomplete multi-part uploads""
    status = ""Enabled""

    abort_incomplete_multipart_upload {
      days_after_initiation = 3
    }
  }
}
resource ""aws_s3_bucket"" ""test-artifacts"" {
  bucket        = ""gds-paas-${var.env}-test-artifacts""
  force_destroy = ""true""
}

resource ""aws_s3_bucket_ownership_controls"" ""test-artifacts"" {
  bucket = aws_s3_bucket.test-artifacts.id
  rule {
    object_ownership = ""BucketOwnerPreferred""
  }
}

resource ""aws_s3_bucket_acl"" ""test-artifacts"" {
  bucket = aws_s3_bucket.test-artifacts.id
  acl    = ""private""

  depends_on = [aws_s3_bucket_ownership_controls.test-artifacts]
}

resource ""aws_s3_bucket_lifecycle_configuration"" ""test-artifacts"" {
  bucket = aws_s3_bucket.test-artifacts.id


  rule {
    id     = ""Expire old previous versions""
    status = ""Enabled""
    prefix = """"

    expiration {
      days = 7
    }
  }
}

variable ""elb_access_log_bucket_name"" {
  default = ""elb-access-log""
}

resource ""aws_s3_bucket"" ""elb_access_log"" {
  bucket        = ""${var.assets_prefix}-${var.env}-${var.elb_access_log_bucket_name}""
  force_destroy = ""true""
}

resource ""aws_s3_bucket_ownership_controls"" ""elb_access_log"" {
  bucket = aws_s3_bucket.elb_access_log.id
  rule {
    object_ownership = ""BucketOwnerPreferred""
  }
}

resource ""aws_s3_bucket_acl"" ""elb_access_log"" {
  bucket = aws_s3_bucket.elb_access_log.id
  acl    = ""private""

  depends_on = [aws_s3_bucket_ownership_controls.elb_access_log]
}

resource ""aws_s3_bucket_policy"" ""elb_access_log"" {
  bucket = aws_s3_bucket.elb_access_log.id
  policy = templatefile(""${path.module}/policies/elb_access_log_bucket.json.tpl"", {
    bucket_name = ""${var.assets_prefix}-${var.env}-${var.elb_access_log_bucket_name}"",
    principal   = var.elb_account_ids[var.region]
  })
}

resource ""aws_s3_bucket_lifecycle_configuration"" ""elb_access_log"" {
  bucket = aws_s3_bucket.elb_access_log.id

  rule {
    id     = ""Expire old previous versions""
    status = ""Enabled""
    prefix = """"

    expiration {
      days = 30
    }
  }
}

data ""aws_s3_bucket"" ""account_region_wide_alb_access_logs"" {
  bucket = ""gds-paas-${var.aws_account}-account-wide-alb-access-logs-${var.region}""
}
","resource","aws_s3_bucket_lifecycle_configuration test-artifacts","resource aws_s3_bucket_lifecycle_configuration","resource","234","247","resource ""aws_s3_bucket_lifecycle_configuration"" ""test-artifacts"" {
  bucket = aws_s3_bucket.test-artifacts.id


  rule {
    id     = ""Expire old previous versions""
    status = ""Enabled""
    prefix = """"

    expiration {
      days = 7
    }
  }
}","False","True","True","True","","1"
"alphagov__paas-cf","../TF_validation_reproducer/clones/alphagov__paas-cf/terraform/cloudfoundry","a789530b9e5c","cebf35d84a24","97592711dc88","1","warning","Argument is deprecated","Use filter instead","clones/alphagov__paas-cf/terraform/cloudfoundry/buckets.tf","89","14","89","16","resource ""aws_s3_bucket"" ""droplets-s3"" {
  bucket = ""${var.env}-cf-droplets""

  force_destroy = var.bucket_force_destroy
}

resource ""aws_s3_bucket_ownership_controls"" ""droplets-s3"" {
  bucket = aws_s3_bucket.droplets-s3.id
  rule {
    object_ownership = ""BucketOwnerPreferred""
  }
}

resource ""aws_s3_bucket_acl"" ""droplets-s3"" {
  bucket = aws_s3_bucket.droplets-s3.id
  acl    = ""private""

  depends_on = [aws_s3_bucket_ownership_controls.droplets-s3]
}

resource ""aws_s3_bucket_versioning"" ""droplets-s3"" {
  bucket = aws_s3_bucket.droplets-s3.id

  versioning_configuration {
    status = ""Enabled""
  }
}

resource ""aws_s3_bucket_lifecycle_configuration"" ""droplets-s3"" {
  bucket = aws_s3_bucket.droplets-s3.id

  rule {
    id     = ""Expire old previous versions""
    status = ""Enabled""
    prefix = """"

    noncurrent_version_expiration {
      noncurrent_days = 36
    }

    expiration {
      expired_object_delete_marker = true
    }
  }
  rule {
    id     = ""Delete old incomplete multi-part uploads""
    status = ""Enabled""

    abort_incomplete_multipart_upload {
      days_after_initiation = 3
    }
  }
}

resource ""aws_s3_bucket"" ""buildpacks-s3"" {
  bucket = ""${var.env}-cf-buildpacks""

  force_destroy = var.bucket_force_destroy
}

resource ""aws_s3_bucket_ownership_controls"" ""buildpacks-s3"" {
  bucket = aws_s3_bucket.buildpacks-s3.id
  rule {
    object_ownership = ""BucketOwnerPreferred""
  }
}

resource ""aws_s3_bucket_acl"" ""buildpacks-s3"" {
  bucket = aws_s3_bucket.buildpacks-s3.id
  acl    = ""private""

  depends_on = [aws_s3_bucket_ownership_controls.buildpacks-s3]
}

resource ""aws_s3_bucket_versioning"" ""buildpacks-s3"" {
  bucket = aws_s3_bucket.buildpacks-s3.id

  versioning_configuration {
    status = ""Enabled""
  }
}

resource ""aws_s3_bucket_lifecycle_configuration"" ""buildpacks-s3"" {
  bucket = aws_s3_bucket.buildpacks-s3.id

  rule {
    id     = ""Expire old previous versions""
    status = ""Enabled""
    prefix = """"


    noncurrent_version_expiration {
      noncurrent_days = 36
    }

    expiration {
      expired_object_delete_marker = true
    }
  }
  rule {
    id     = ""Delete old incomplete multi-part uploads""
    status = ""Enabled""

    abort_incomplete_multipart_upload {
      days_after_initiation = 3
    }
  }
}
resource ""aws_s3_bucket"" ""packages-s3"" {
  bucket = ""${var.env}-cf-packages""

  force_destroy = var.bucket_force_destroy
}

resource ""aws_s3_bucket_ownership_controls"" ""packages-s3"" {
  bucket = aws_s3_bucket.packages-s3.id
  rule {
    object_ownership = ""BucketOwnerPreferred""
  }
}

resource ""aws_s3_bucket_acl"" ""packages-s3"" {
  bucket = aws_s3_bucket.packages-s3.id
  acl    = ""private""

  depends_on = [aws_s3_bucket_ownership_controls.packages-s3]
}

resource ""aws_s3_bucket_versioning"" ""packages-s3"" {
  bucket = aws_s3_bucket.packages-s3.id

  versioning_configuration {
    status = ""Enabled""
  }
}

resource ""aws_s3_bucket_lifecycle_configuration"" ""packages-s3"" {
  bucket = aws_s3_bucket.packages-s3.id

  rule {
    id     = ""Expire old previous versions""
    status = ""Enabled""
    prefix = """"

    noncurrent_version_expiration {
      noncurrent_days = 36
    }

    expiration {
      expired_object_delete_marker = true
    }
  }
  rule {
    id     = ""Delete old incomplete multi-part uploads""
    status = ""Enabled""

    abort_incomplete_multipart_upload {
      days_after_initiation = 3
    }
  }
}
resource ""aws_s3_bucket"" ""resources-s3"" {
  bucket = ""${var.env}-cf-resources""

  force_destroy = var.bucket_force_destroy
}

resource ""aws_s3_bucket_ownership_controls"" ""resources-s3"" {
  bucket = aws_s3_bucket.resources-s3.id
  rule {
    object_ownership = ""BucketOwnerPreferred""
  }
}

resource ""aws_s3_bucket_acl"" ""resources-s3"" {
  bucket = aws_s3_bucket.resources-s3.id
  acl    = ""private""

  depends_on = [aws_s3_bucket_ownership_controls.resources-s3]
}

resource ""aws_s3_bucket_versioning"" ""resources-s3"" {
  bucket = aws_s3_bucket.resources-s3.id

  versioning_configuration {
    status = ""Enabled""
  }
}

resource ""aws_s3_bucket_lifecycle_configuration"" ""resources-s3"" {
  bucket = aws_s3_bucket.resources-s3.id

  rule {
    id     = ""Expire old previous versions""
    status = ""Enabled""
    prefix = """"

    noncurrent_version_expiration {
      noncurrent_days = 36
    }

    expiration {
      expired_object_delete_marker = true
    }
  }
  rule {
    id     = ""Delete old incomplete multi-part uploads""
    status = ""Enabled""

    abort_incomplete_multipart_upload {
      days_after_initiation = 3
    }
  }
}
resource ""aws_s3_bucket"" ""test-artifacts"" {
  bucket        = ""gds-paas-${var.env}-test-artifacts""
  force_destroy = ""true""
}

resource ""aws_s3_bucket_ownership_controls"" ""test-artifacts"" {
  bucket = aws_s3_bucket.test-artifacts.id
  rule {
    object_ownership = ""BucketOwnerPreferred""
  }
}

resource ""aws_s3_bucket_acl"" ""test-artifacts"" {
  bucket = aws_s3_bucket.test-artifacts.id
  acl    = ""private""

  depends_on = [aws_s3_bucket_ownership_controls.test-artifacts]
}

resource ""aws_s3_bucket_lifecycle_configuration"" ""test-artifacts"" {
  bucket = aws_s3_bucket.test-artifacts.id


  rule {
    id     = ""Expire old previous versions""
    status = ""Enabled""
    prefix = """"

    expiration {
      days = 7
    }
  }
}

variable ""elb_access_log_bucket_name"" {
  default = ""elb-access-log""
}

resource ""aws_s3_bucket"" ""elb_access_log"" {
  bucket        = ""${var.assets_prefix}-${var.env}-${var.elb_access_log_bucket_name}""
  force_destroy = ""true""
}

resource ""aws_s3_bucket_ownership_controls"" ""elb_access_log"" {
  bucket = aws_s3_bucket.elb_access_log.id
  rule {
    object_ownership = ""BucketOwnerPreferred""
  }
}

resource ""aws_s3_bucket_acl"" ""elb_access_log"" {
  bucket = aws_s3_bucket.elb_access_log.id
  acl    = ""private""

  depends_on = [aws_s3_bucket_ownership_controls.elb_access_log]
}

resource ""aws_s3_bucket_policy"" ""elb_access_log"" {
  bucket = aws_s3_bucket.elb_access_log.id
  policy = templatefile(""${path.module}/policies/elb_access_log_bucket.json.tpl"", {
    bucket_name = ""${var.assets_prefix}-${var.env}-${var.elb_access_log_bucket_name}"",
    principal   = var.elb_account_ids[var.region]
  })
}

resource ""aws_s3_bucket_lifecycle_configuration"" ""elb_access_log"" {
  bucket = aws_s3_bucket.elb_access_log.id

  rule {
    id     = ""Expire old previous versions""
    status = ""Enabled""
    prefix = """"

    expiration {
      days = 30
    }
  }
}

data ""aws_s3_bucket"" ""account_region_wide_alb_access_logs"" {
  bucket = ""gds-paas-${var.aws_account}-account-wide-alb-access-logs-${var.region}""
}
","resource","aws_s3_bucket_lifecycle_configuration buildpacks-s3","resource aws_s3_bucket_lifecycle_configuration","resource","83","108","resource ""aws_s3_bucket_lifecycle_configuration"" ""buildpacks-s3"" {
  bucket = aws_s3_bucket.buildpacks-s3.id

  rule {
    id     = ""Expire old previous versions""
    status = ""Enabled""
    prefix = """"


    noncurrent_version_expiration {
      noncurrent_days = 36
    }

    expiration {
      expired_object_delete_marker = true
    }
  }
  rule {
    id     = ""Delete old incomplete multi-part uploads""
    status = ""Enabled""

    abort_incomplete_multipart_upload {
      days_after_initiation = 3
    }
  }
}","False","True","True","True","","1"
"alphagov__paas-cf","../TF_validation_reproducer/clones/alphagov__paas-cf/terraform/cloudfoundry","21f257e0d590","37bef82e270b","97592711dc88","1","warning","Argument is deprecated","Use filter instead","clones/alphagov__paas-cf/terraform/cloudfoundry/buckets.tf","143","14","143","16","resource ""aws_s3_bucket"" ""droplets-s3"" {
  bucket = ""${var.env}-cf-droplets""

  force_destroy = var.bucket_force_destroy
}

resource ""aws_s3_bucket_ownership_controls"" ""droplets-s3"" {
  bucket = aws_s3_bucket.droplets-s3.id
  rule {
    object_ownership = ""BucketOwnerPreferred""
  }
}

resource ""aws_s3_bucket_acl"" ""droplets-s3"" {
  bucket = aws_s3_bucket.droplets-s3.id
  acl    = ""private""

  depends_on = [aws_s3_bucket_ownership_controls.droplets-s3]
}

resource ""aws_s3_bucket_versioning"" ""droplets-s3"" {
  bucket = aws_s3_bucket.droplets-s3.id

  versioning_configuration {
    status = ""Enabled""
  }
}

resource ""aws_s3_bucket_lifecycle_configuration"" ""droplets-s3"" {
  bucket = aws_s3_bucket.droplets-s3.id

  rule {
    id     = ""Expire old previous versions""
    status = ""Enabled""
    prefix = """"

    noncurrent_version_expiration {
      noncurrent_days = 36
    }

    expiration {
      expired_object_delete_marker = true
    }
  }
  rule {
    id     = ""Delete old incomplete multi-part uploads""
    status = ""Enabled""

    abort_incomplete_multipart_upload {
      days_after_initiation = 3
    }
  }
}

resource ""aws_s3_bucket"" ""buildpacks-s3"" {
  bucket = ""${var.env}-cf-buildpacks""

  force_destroy = var.bucket_force_destroy
}

resource ""aws_s3_bucket_ownership_controls"" ""buildpacks-s3"" {
  bucket = aws_s3_bucket.buildpacks-s3.id
  rule {
    object_ownership = ""BucketOwnerPreferred""
  }
}

resource ""aws_s3_bucket_acl"" ""buildpacks-s3"" {
  bucket = aws_s3_bucket.buildpacks-s3.id
  acl    = ""private""

  depends_on = [aws_s3_bucket_ownership_controls.buildpacks-s3]
}

resource ""aws_s3_bucket_versioning"" ""buildpacks-s3"" {
  bucket = aws_s3_bucket.buildpacks-s3.id

  versioning_configuration {
    status = ""Enabled""
  }
}

resource ""aws_s3_bucket_lifecycle_configuration"" ""buildpacks-s3"" {
  bucket = aws_s3_bucket.buildpacks-s3.id

  rule {
    id     = ""Expire old previous versions""
    status = ""Enabled""
    prefix = """"


    noncurrent_version_expiration {
      noncurrent_days = 36
    }

    expiration {
      expired_object_delete_marker = true
    }
  }
  rule {
    id     = ""Delete old incomplete multi-part uploads""
    status = ""Enabled""

    abort_incomplete_multipart_upload {
      days_after_initiation = 3
    }
  }
}
resource ""aws_s3_bucket"" ""packages-s3"" {
  bucket = ""${var.env}-cf-packages""

  force_destroy = var.bucket_force_destroy
}

resource ""aws_s3_bucket_ownership_controls"" ""packages-s3"" {
  bucket = aws_s3_bucket.packages-s3.id
  rule {
    object_ownership = ""BucketOwnerPreferred""
  }
}

resource ""aws_s3_bucket_acl"" ""packages-s3"" {
  bucket = aws_s3_bucket.packages-s3.id
  acl    = ""private""

  depends_on = [aws_s3_bucket_ownership_controls.packages-s3]
}

resource ""aws_s3_bucket_versioning"" ""packages-s3"" {
  bucket = aws_s3_bucket.packages-s3.id

  versioning_configuration {
    status = ""Enabled""
  }
}

resource ""aws_s3_bucket_lifecycle_configuration"" ""packages-s3"" {
  bucket = aws_s3_bucket.packages-s3.id

  rule {
    id     = ""Expire old previous versions""
    status = ""Enabled""
    prefix = """"

    noncurrent_version_expiration {
      noncurrent_days = 36
    }

    expiration {
      expired_object_delete_marker = true
    }
  }
  rule {
    id     = ""Delete old incomplete multi-part uploads""
    status = ""Enabled""

    abort_incomplete_multipart_upload {
      days_after_initiation = 3
    }
  }
}
resource ""aws_s3_bucket"" ""resources-s3"" {
  bucket = ""${var.env}-cf-resources""

  force_destroy = var.bucket_force_destroy
}

resource ""aws_s3_bucket_ownership_controls"" ""resources-s3"" {
  bucket = aws_s3_bucket.resources-s3.id
  rule {
    object_ownership = ""BucketOwnerPreferred""
  }
}

resource ""aws_s3_bucket_acl"" ""resources-s3"" {
  bucket = aws_s3_bucket.resources-s3.id
  acl    = ""private""

  depends_on = [aws_s3_bucket_ownership_controls.resources-s3]
}

resource ""aws_s3_bucket_versioning"" ""resources-s3"" {
  bucket = aws_s3_bucket.resources-s3.id

  versioning_configuration {
    status = ""Enabled""
  }
}

resource ""aws_s3_bucket_lifecycle_configuration"" ""resources-s3"" {
  bucket = aws_s3_bucket.resources-s3.id

  rule {
    id     = ""Expire old previous versions""
    status = ""Enabled""
    prefix = """"

    noncurrent_version_expiration {
      noncurrent_days = 36
    }

    expiration {
      expired_object_delete_marker = true
    }
  }
  rule {
    id     = ""Delete old incomplete multi-part uploads""
    status = ""Enabled""

    abort_incomplete_multipart_upload {
      days_after_initiation = 3
    }
  }
}
resource ""aws_s3_bucket"" ""test-artifacts"" {
  bucket        = ""gds-paas-${var.env}-test-artifacts""
  force_destroy = ""true""
}

resource ""aws_s3_bucket_ownership_controls"" ""test-artifacts"" {
  bucket = aws_s3_bucket.test-artifacts.id
  rule {
    object_ownership = ""BucketOwnerPreferred""
  }
}

resource ""aws_s3_bucket_acl"" ""test-artifacts"" {
  bucket = aws_s3_bucket.test-artifacts.id
  acl    = ""private""

  depends_on = [aws_s3_bucket_ownership_controls.test-artifacts]
}

resource ""aws_s3_bucket_lifecycle_configuration"" ""test-artifacts"" {
  bucket = aws_s3_bucket.test-artifacts.id


  rule {
    id     = ""Expire old previous versions""
    status = ""Enabled""
    prefix = """"

    expiration {
      days = 7
    }
  }
}

variable ""elb_access_log_bucket_name"" {
  default = ""elb-access-log""
}

resource ""aws_s3_bucket"" ""elb_access_log"" {
  bucket        = ""${var.assets_prefix}-${var.env}-${var.elb_access_log_bucket_name}""
  force_destroy = ""true""
}

resource ""aws_s3_bucket_ownership_controls"" ""elb_access_log"" {
  bucket = aws_s3_bucket.elb_access_log.id
  rule {
    object_ownership = ""BucketOwnerPreferred""
  }
}

resource ""aws_s3_bucket_acl"" ""elb_access_log"" {
  bucket = aws_s3_bucket.elb_access_log.id
  acl    = ""private""

  depends_on = [aws_s3_bucket_ownership_controls.elb_access_log]
}

resource ""aws_s3_bucket_policy"" ""elb_access_log"" {
  bucket = aws_s3_bucket.elb_access_log.id
  policy = templatefile(""${path.module}/policies/elb_access_log_bucket.json.tpl"", {
    bucket_name = ""${var.assets_prefix}-${var.env}-${var.elb_access_log_bucket_name}"",
    principal   = var.elb_account_ids[var.region]
  })
}

resource ""aws_s3_bucket_lifecycle_configuration"" ""elb_access_log"" {
  bucket = aws_s3_bucket.elb_access_log.id

  rule {
    id     = ""Expire old previous versions""
    status = ""Enabled""
    prefix = """"

    expiration {
      days = 30
    }
  }
}

data ""aws_s3_bucket"" ""account_region_wide_alb_access_logs"" {
  bucket = ""gds-paas-${var.aws_account}-account-wide-alb-access-logs-${var.region}""
}
","resource","aws_s3_bucket_lifecycle_configuration packages-s3","resource aws_s3_bucket_lifecycle_configuration","resource","137","161","resource ""aws_s3_bucket_lifecycle_configuration"" ""packages-s3"" {
  bucket = aws_s3_bucket.packages-s3.id

  rule {
    id     = ""Expire old previous versions""
    status = ""Enabled""
    prefix = """"

    noncurrent_version_expiration {
      noncurrent_days = 36
    }

    expiration {
      expired_object_delete_marker = true
    }
  }
  rule {
    id     = ""Delete old incomplete multi-part uploads""
    status = ""Enabled""

    abort_incomplete_multipart_upload {
      days_after_initiation = 3
    }
  }
}","False","True","True","True","","1"
"alphagov__paas-cf","../TF_validation_reproducer/clones/alphagov__paas-cf/terraform/cloudfoundry","281a25186923","a8677f8b60ea","97592711dc88","1","warning","Argument is deprecated","Use filter instead","clones/alphagov__paas-cf/terraform/cloudfoundry/buckets.tf","35","14","35","16","resource ""aws_s3_bucket"" ""droplets-s3"" {
  bucket = ""${var.env}-cf-droplets""

  force_destroy = var.bucket_force_destroy
}

resource ""aws_s3_bucket_ownership_controls"" ""droplets-s3"" {
  bucket = aws_s3_bucket.droplets-s3.id
  rule {
    object_ownership = ""BucketOwnerPreferred""
  }
}

resource ""aws_s3_bucket_acl"" ""droplets-s3"" {
  bucket = aws_s3_bucket.droplets-s3.id
  acl    = ""private""

  depends_on = [aws_s3_bucket_ownership_controls.droplets-s3]
}

resource ""aws_s3_bucket_versioning"" ""droplets-s3"" {
  bucket = aws_s3_bucket.droplets-s3.id

  versioning_configuration {
    status = ""Enabled""
  }
}

resource ""aws_s3_bucket_lifecycle_configuration"" ""droplets-s3"" {
  bucket = aws_s3_bucket.droplets-s3.id

  rule {
    id     = ""Expire old previous versions""
    status = ""Enabled""
    prefix = """"

    noncurrent_version_expiration {
      noncurrent_days = 36
    }

    expiration {
      expired_object_delete_marker = true
    }
  }
  rule {
    id     = ""Delete old incomplete multi-part uploads""
    status = ""Enabled""

    abort_incomplete_multipart_upload {
      days_after_initiation = 3
    }
  }
}

resource ""aws_s3_bucket"" ""buildpacks-s3"" {
  bucket = ""${var.env}-cf-buildpacks""

  force_destroy = var.bucket_force_destroy
}

resource ""aws_s3_bucket_ownership_controls"" ""buildpacks-s3"" {
  bucket = aws_s3_bucket.buildpacks-s3.id
  rule {
    object_ownership = ""BucketOwnerPreferred""
  }
}

resource ""aws_s3_bucket_acl"" ""buildpacks-s3"" {
  bucket = aws_s3_bucket.buildpacks-s3.id
  acl    = ""private""

  depends_on = [aws_s3_bucket_ownership_controls.buildpacks-s3]
}

resource ""aws_s3_bucket_versioning"" ""buildpacks-s3"" {
  bucket = aws_s3_bucket.buildpacks-s3.id

  versioning_configuration {
    status = ""Enabled""
  }
}

resource ""aws_s3_bucket_lifecycle_configuration"" ""buildpacks-s3"" {
  bucket = aws_s3_bucket.buildpacks-s3.id

  rule {
    id     = ""Expire old previous versions""
    status = ""Enabled""
    prefix = """"


    noncurrent_version_expiration {
      noncurrent_days = 36
    }

    expiration {
      expired_object_delete_marker = true
    }
  }
  rule {
    id     = ""Delete old incomplete multi-part uploads""
    status = ""Enabled""

    abort_incomplete_multipart_upload {
      days_after_initiation = 3
    }
  }
}
resource ""aws_s3_bucket"" ""packages-s3"" {
  bucket = ""${var.env}-cf-packages""

  force_destroy = var.bucket_force_destroy
}

resource ""aws_s3_bucket_ownership_controls"" ""packages-s3"" {
  bucket = aws_s3_bucket.packages-s3.id
  rule {
    object_ownership = ""BucketOwnerPreferred""
  }
}

resource ""aws_s3_bucket_acl"" ""packages-s3"" {
  bucket = aws_s3_bucket.packages-s3.id
  acl    = ""private""

  depends_on = [aws_s3_bucket_ownership_controls.packages-s3]
}

resource ""aws_s3_bucket_versioning"" ""packages-s3"" {
  bucket = aws_s3_bucket.packages-s3.id

  versioning_configuration {
    status = ""Enabled""
  }
}

resource ""aws_s3_bucket_lifecycle_configuration"" ""packages-s3"" {
  bucket = aws_s3_bucket.packages-s3.id

  rule {
    id     = ""Expire old previous versions""
    status = ""Enabled""
    prefix = """"

    noncurrent_version_expiration {
      noncurrent_days = 36
    }

    expiration {
      expired_object_delete_marker = true
    }
  }
  rule {
    id     = ""Delete old incomplete multi-part uploads""
    status = ""Enabled""

    abort_incomplete_multipart_upload {
      days_after_initiation = 3
    }
  }
}
resource ""aws_s3_bucket"" ""resources-s3"" {
  bucket = ""${var.env}-cf-resources""

  force_destroy = var.bucket_force_destroy
}

resource ""aws_s3_bucket_ownership_controls"" ""resources-s3"" {
  bucket = aws_s3_bucket.resources-s3.id
  rule {
    object_ownership = ""BucketOwnerPreferred""
  }
}

resource ""aws_s3_bucket_acl"" ""resources-s3"" {
  bucket = aws_s3_bucket.resources-s3.id
  acl    = ""private""

  depends_on = [aws_s3_bucket_ownership_controls.resources-s3]
}

resource ""aws_s3_bucket_versioning"" ""resources-s3"" {
  bucket = aws_s3_bucket.resources-s3.id

  versioning_configuration {
    status = ""Enabled""
  }
}

resource ""aws_s3_bucket_lifecycle_configuration"" ""resources-s3"" {
  bucket = aws_s3_bucket.resources-s3.id

  rule {
    id     = ""Expire old previous versions""
    status = ""Enabled""
    prefix = """"

    noncurrent_version_expiration {
      noncurrent_days = 36
    }

    expiration {
      expired_object_delete_marker = true
    }
  }
  rule {
    id     = ""Delete old incomplete multi-part uploads""
    status = ""Enabled""

    abort_incomplete_multipart_upload {
      days_after_initiation = 3
    }
  }
}
resource ""aws_s3_bucket"" ""test-artifacts"" {
  bucket        = ""gds-paas-${var.env}-test-artifacts""
  force_destroy = ""true""
}

resource ""aws_s3_bucket_ownership_controls"" ""test-artifacts"" {
  bucket = aws_s3_bucket.test-artifacts.id
  rule {
    object_ownership = ""BucketOwnerPreferred""
  }
}

resource ""aws_s3_bucket_acl"" ""test-artifacts"" {
  bucket = aws_s3_bucket.test-artifacts.id
  acl    = ""private""

  depends_on = [aws_s3_bucket_ownership_controls.test-artifacts]
}

resource ""aws_s3_bucket_lifecycle_configuration"" ""test-artifacts"" {
  bucket = aws_s3_bucket.test-artifacts.id


  rule {
    id     = ""Expire old previous versions""
    status = ""Enabled""
    prefix = """"

    expiration {
      days = 7
    }
  }
}

variable ""elb_access_log_bucket_name"" {
  default = ""elb-access-log""
}

resource ""aws_s3_bucket"" ""elb_access_log"" {
  bucket        = ""${var.assets_prefix}-${var.env}-${var.elb_access_log_bucket_name}""
  force_destroy = ""true""
}

resource ""aws_s3_bucket_ownership_controls"" ""elb_access_log"" {
  bucket = aws_s3_bucket.elb_access_log.id
  rule {
    object_ownership = ""BucketOwnerPreferred""
  }
}

resource ""aws_s3_bucket_acl"" ""elb_access_log"" {
  bucket = aws_s3_bucket.elb_access_log.id
  acl    = ""private""

  depends_on = [aws_s3_bucket_ownership_controls.elb_access_log]
}

resource ""aws_s3_bucket_policy"" ""elb_access_log"" {
  bucket = aws_s3_bucket.elb_access_log.id
  policy = templatefile(""${path.module}/policies/elb_access_log_bucket.json.tpl"", {
    bucket_name = ""${var.assets_prefix}-${var.env}-${var.elb_access_log_bucket_name}"",
    principal   = var.elb_account_ids[var.region]
  })
}

resource ""aws_s3_bucket_lifecycle_configuration"" ""elb_access_log"" {
  bucket = aws_s3_bucket.elb_access_log.id

  rule {
    id     = ""Expire old previous versions""
    status = ""Enabled""
    prefix = """"

    expiration {
      days = 30
    }
  }
}

data ""aws_s3_bucket"" ""account_region_wide_alb_access_logs"" {
  bucket = ""gds-paas-${var.aws_account}-account-wide-alb-access-logs-${var.region}""
}
","resource","aws_s3_bucket_lifecycle_configuration droplets-s3","resource aws_s3_bucket_lifecycle_configuration","resource","29","53","resource ""aws_s3_bucket_lifecycle_configuration"" ""droplets-s3"" {
  bucket = aws_s3_bucket.droplets-s3.id

  rule {
    id     = ""Expire old previous versions""
    status = ""Enabled""
    prefix = """"

    noncurrent_version_expiration {
      noncurrent_days = 36
    }

    expiration {
      expired_object_delete_marker = true
    }
  }
  rule {
    id     = ""Delete old incomplete multi-part uploads""
    status = ""Enabled""

    abort_incomplete_multipart_upload {
      days_after_initiation = 3
    }
  }
}","False","True","True","True","","1"
"alphagov__paas-cf","../TF_validation_reproducer/clones/alphagov__paas-cf/terraform/cloudfoundry","478aa4ced6fa","c8f57c6d6227","97592711dc88","1","warning","Argument is deprecated","Use filter instead","clones/alphagov__paas-cf/terraform/cloudfoundry/buckets.tf","196","14","196","16","resource ""aws_s3_bucket"" ""droplets-s3"" {
  bucket = ""${var.env}-cf-droplets""

  force_destroy = var.bucket_force_destroy
}

resource ""aws_s3_bucket_ownership_controls"" ""droplets-s3"" {
  bucket = aws_s3_bucket.droplets-s3.id
  rule {
    object_ownership = ""BucketOwnerPreferred""
  }
}

resource ""aws_s3_bucket_acl"" ""droplets-s3"" {
  bucket = aws_s3_bucket.droplets-s3.id
  acl    = ""private""

  depends_on = [aws_s3_bucket_ownership_controls.droplets-s3]
}

resource ""aws_s3_bucket_versioning"" ""droplets-s3"" {
  bucket = aws_s3_bucket.droplets-s3.id

  versioning_configuration {
    status = ""Enabled""
  }
}

resource ""aws_s3_bucket_lifecycle_configuration"" ""droplets-s3"" {
  bucket = aws_s3_bucket.droplets-s3.id

  rule {
    id     = ""Expire old previous versions""
    status = ""Enabled""
    prefix = """"

    noncurrent_version_expiration {
      noncurrent_days = 36
    }

    expiration {
      expired_object_delete_marker = true
    }
  }
  rule {
    id     = ""Delete old incomplete multi-part uploads""
    status = ""Enabled""

    abort_incomplete_multipart_upload {
      days_after_initiation = 3
    }
  }
}

resource ""aws_s3_bucket"" ""buildpacks-s3"" {
  bucket = ""${var.env}-cf-buildpacks""

  force_destroy = var.bucket_force_destroy
}

resource ""aws_s3_bucket_ownership_controls"" ""buildpacks-s3"" {
  bucket = aws_s3_bucket.buildpacks-s3.id
  rule {
    object_ownership = ""BucketOwnerPreferred""
  }
}

resource ""aws_s3_bucket_acl"" ""buildpacks-s3"" {
  bucket = aws_s3_bucket.buildpacks-s3.id
  acl    = ""private""

  depends_on = [aws_s3_bucket_ownership_controls.buildpacks-s3]
}

resource ""aws_s3_bucket_versioning"" ""buildpacks-s3"" {
  bucket = aws_s3_bucket.buildpacks-s3.id

  versioning_configuration {
    status = ""Enabled""
  }
}

resource ""aws_s3_bucket_lifecycle_configuration"" ""buildpacks-s3"" {
  bucket = aws_s3_bucket.buildpacks-s3.id

  rule {
    id     = ""Expire old previous versions""
    status = ""Enabled""
    prefix = """"


    noncurrent_version_expiration {
      noncurrent_days = 36
    }

    expiration {
      expired_object_delete_marker = true
    }
  }
  rule {
    id     = ""Delete old incomplete multi-part uploads""
    status = ""Enabled""

    abort_incomplete_multipart_upload {
      days_after_initiation = 3
    }
  }
}
resource ""aws_s3_bucket"" ""packages-s3"" {
  bucket = ""${var.env}-cf-packages""

  force_destroy = var.bucket_force_destroy
}

resource ""aws_s3_bucket_ownership_controls"" ""packages-s3"" {
  bucket = aws_s3_bucket.packages-s3.id
  rule {
    object_ownership = ""BucketOwnerPreferred""
  }
}

resource ""aws_s3_bucket_acl"" ""packages-s3"" {
  bucket = aws_s3_bucket.packages-s3.id
  acl    = ""private""

  depends_on = [aws_s3_bucket_ownership_controls.packages-s3]
}

resource ""aws_s3_bucket_versioning"" ""packages-s3"" {
  bucket = aws_s3_bucket.packages-s3.id

  versioning_configuration {
    status = ""Enabled""
  }
}

resource ""aws_s3_bucket_lifecycle_configuration"" ""packages-s3"" {
  bucket = aws_s3_bucket.packages-s3.id

  rule {
    id     = ""Expire old previous versions""
    status = ""Enabled""
    prefix = """"

    noncurrent_version_expiration {
      noncurrent_days = 36
    }

    expiration {
      expired_object_delete_marker = true
    }
  }
  rule {
    id     = ""Delete old incomplete multi-part uploads""
    status = ""Enabled""

    abort_incomplete_multipart_upload {
      days_after_initiation = 3
    }
  }
}
resource ""aws_s3_bucket"" ""resources-s3"" {
  bucket = ""${var.env}-cf-resources""

  force_destroy = var.bucket_force_destroy
}

resource ""aws_s3_bucket_ownership_controls"" ""resources-s3"" {
  bucket = aws_s3_bucket.resources-s3.id
  rule {
    object_ownership = ""BucketOwnerPreferred""
  }
}

resource ""aws_s3_bucket_acl"" ""resources-s3"" {
  bucket = aws_s3_bucket.resources-s3.id
  acl    = ""private""

  depends_on = [aws_s3_bucket_ownership_controls.resources-s3]
}

resource ""aws_s3_bucket_versioning"" ""resources-s3"" {
  bucket = aws_s3_bucket.resources-s3.id

  versioning_configuration {
    status = ""Enabled""
  }
}

resource ""aws_s3_bucket_lifecycle_configuration"" ""resources-s3"" {
  bucket = aws_s3_bucket.resources-s3.id

  rule {
    id     = ""Expire old previous versions""
    status = ""Enabled""
    prefix = """"

    noncurrent_version_expiration {
      noncurrent_days = 36
    }

    expiration {
      expired_object_delete_marker = true
    }
  }
  rule {
    id     = ""Delete old incomplete multi-part uploads""
    status = ""Enabled""

    abort_incomplete_multipart_upload {
      days_after_initiation = 3
    }
  }
}
resource ""aws_s3_bucket"" ""test-artifacts"" {
  bucket        = ""gds-paas-${var.env}-test-artifacts""
  force_destroy = ""true""
}

resource ""aws_s3_bucket_ownership_controls"" ""test-artifacts"" {
  bucket = aws_s3_bucket.test-artifacts.id
  rule {
    object_ownership = ""BucketOwnerPreferred""
  }
}

resource ""aws_s3_bucket_acl"" ""test-artifacts"" {
  bucket = aws_s3_bucket.test-artifacts.id
  acl    = ""private""

  depends_on = [aws_s3_bucket_ownership_controls.test-artifacts]
}

resource ""aws_s3_bucket_lifecycle_configuration"" ""test-artifacts"" {
  bucket = aws_s3_bucket.test-artifacts.id


  rule {
    id     = ""Expire old previous versions""
    status = ""Enabled""
    prefix = """"

    expiration {
      days = 7
    }
  }
}

variable ""elb_access_log_bucket_name"" {
  default = ""elb-access-log""
}

resource ""aws_s3_bucket"" ""elb_access_log"" {
  bucket        = ""${var.assets_prefix}-${var.env}-${var.elb_access_log_bucket_name}""
  force_destroy = ""true""
}

resource ""aws_s3_bucket_ownership_controls"" ""elb_access_log"" {
  bucket = aws_s3_bucket.elb_access_log.id
  rule {
    object_ownership = ""BucketOwnerPreferred""
  }
}

resource ""aws_s3_bucket_acl"" ""elb_access_log"" {
  bucket = aws_s3_bucket.elb_access_log.id
  acl    = ""private""

  depends_on = [aws_s3_bucket_ownership_controls.elb_access_log]
}

resource ""aws_s3_bucket_policy"" ""elb_access_log"" {
  bucket = aws_s3_bucket.elb_access_log.id
  policy = templatefile(""${path.module}/policies/elb_access_log_bucket.json.tpl"", {
    bucket_name = ""${var.assets_prefix}-${var.env}-${var.elb_access_log_bucket_name}"",
    principal   = var.elb_account_ids[var.region]
  })
}

resource ""aws_s3_bucket_lifecycle_configuration"" ""elb_access_log"" {
  bucket = aws_s3_bucket.elb_access_log.id

  rule {
    id     = ""Expire old previous versions""
    status = ""Enabled""
    prefix = """"

    expiration {
      days = 30
    }
  }
}

data ""aws_s3_bucket"" ""account_region_wide_alb_access_logs"" {
  bucket = ""gds-paas-${var.aws_account}-account-wide-alb-access-logs-${var.region}""
}
","resource","aws_s3_bucket_lifecycle_configuration resources-s3","resource aws_s3_bucket_lifecycle_configuration","resource","190","214","resource ""aws_s3_bucket_lifecycle_configuration"" ""resources-s3"" {
  bucket = aws_s3_bucket.resources-s3.id

  rule {
    id     = ""Expire old previous versions""
    status = ""Enabled""
    prefix = """"

    noncurrent_version_expiration {
      noncurrent_days = 36
    }

    expiration {
      expired_object_delete_marker = true
    }
  }
  rule {
    id     = ""Delete old incomplete multi-part uploads""
    status = ""Enabled""

    abort_incomplete_multipart_upload {
      days_after_initiation = 3
    }
  }
}","False","True","True","True","","1"
