project_name,latest_commit,working_directory,oid,specific_oid,info_github,is_cross_module,severity,summary,detail,filename,line_start,col_start,line_end,col_end,block_type,block_type_full,impacted_block_type,impacted_block_content,impacted_block_start_line,impacted_block_end_line,block_identifiers,fan_in_count,fan_out_count,metrics_nloc,metrics_depth,metrics_loc,metrics_template_expressions,metrics_references,metrics_attributes,metrics_comment_count,metrics_function_call_count,metrics_heredoc_count,metrics_string_literal_count,metrics_loop_expression_count,metrics_conditional_count,metrics_nested_block_count,metrics_splat_count,metrics_object_elem_count,metrics_object_count,metrics_tuple_count,metrics_tuple_elem_count,metrics_param_count,metrics_comparison_count,metrics_logical_count,provider_name,provider_version,resource_schema,suggested_replacement_schemas,matched_suggested_resource_names,matched_suggested_resource_frames,block_documentation_identifiers,matched_type,file_content,file_loc,problem_class,problem_category
AztecProtocol__Setup,ce51e843674493723ee7151d856cbf3599a57b53,clones/AztecProtocol__Setup/setup-mpc-map/terraform,06ffc3057336,a9ec6604c48b,https://github.com/AztecProtocol/Setup/blob/ce51e843674493723ee7151d856cbf3599a57b53/setup-mpc-map/terraform/main.tf#L148,False,error,Unsupported argument,"An argument named ""field"" is not expected here.",clones/AztecProtocol__Setup/setup-mpc-map/terraform/main.tf,148,5,148,10,resource,resource aws_lb_listener_rule,resource,"resource ""aws_lb_listener_rule"" ""setup_mpc_map"" {
  listener_arn = ""${data.terraform_remote_state.setup_iac.outputs.alb_listener_arn}""
  priority     = 300

  action {
    type             = ""forward""
    target_group_arn = ""${aws_alb_target_group.setup_mpc_map.arn}""
  }

  condition {
    field  = ""path-pattern""
    values = [""*""]
  }
}",138,151,aws_lb_listener_rule setup_mpc_map,0,2,2,14,12,2,6,6,0,0,0,5,0,0,2,0,0,0,1,1,0,0,0,aws,6.35.1,"{""attributes"": {""arn"": {""type"": ""string"", ""description_kind"": ""plain"", ""computed"": true}, ""id"": {""type"": ""string"", ""description_kind"": ""plain"", ""optional"": true, ""computed"": true}, ""listener_arn"": {""type"": ""string"", ""description_kind"": ""plain"", ""required"": true}, ""priority"": {""type"": ""number"", ""description_kind"": ""plain"", ""optional"": true, ""computed"": true}, ""region"": {""type"": ""string"", ""description"": ""Region where this resource will be [managed](https://docs.aws.amazon.com/general/latest/gr/rande.html#regional-endpoints). Defaults to the Region set in the [provider configuration](https://registry.terraform.io/providers/hashicorp/aws/latest/docs#aws-configuration-reference)."", ""description_kind"": ""plain"", ""optional"": true, ""computed"": true}, ""tags"": {""type"": [""map"", ""string""], ""description_kind"": ""plain"", ""optional"": true}, ""tags_all"": {""type"": [""map"", ""string""], ""description_kind"": ""plain"", ""optional"": true, ""computed"": true}}, ""block_types"": {""action"": {""nesting_mode"": ""list"", ""block"": {""attributes"": {""order"": {""type"": ""number"", ""description_kind"": ""plain"", ""optional"": true, ""computed"": true}, ""target_group_arn"": {""type"": ""string"", ""description_kind"": ""plain"", ""optional"": true}, ""type"": {""type"": ""string"", ""description_kind"": ""plain"", ""required"": true}}, ""block_types"": {""authenticate_cognito"": {""nesting_mode"": ""list"", ""block"": {""attributes"": {""authentication_request_extra_params"": {""type"": [""map"", ""string""], ""description_kind"": ""plain"", ""optional"": true}, ""on_unauthenticated_request"": {""type"": ""string"", ""description_kind"": ""plain"", ""optional"": true, ""computed"": true}, ""scope"": {""type"": ""string"", ""description_kind"": ""plain"", ""optional"": true}, ""session_cookie_name"": {""type"": ""string"", ""description_kind"": ""plain"", ""optional"": true}, ""session_timeout"": {""type"": ""number"", ""description_kind"": ""plain"", ""optional"": true}, ""user_pool_arn"": {""type"": ""string"", ""description_kind"": ""plain"", ""required"": true}, ""user_pool_client_id"": {""type"": ""string"", ""description_kind"": ""plain"", ""required"": true}, ""user_pool_domain"": {""type"": ""string"", ""description_kind"": ""plain"", ""required"": true}}, ""description_kind"": ""plain""}, ""max_items"": 1}, ""authenticate_oidc"": {""nesting_mode"": ""list"", ""block"": {""attributes"": {""authentication_request_extra_params"": {""type"": [""map"", ""string""], ""description_kind"": ""plain"", ""optional"": true}, ""authorization_endpoint"": {""type"": ""string"", ""description_kind"": ""plain"", ""required"": true}, ""client_id"": {""type"": ""string"", ""description_kind"": ""plain"", ""required"": true}, ""client_secret"": {""type"": ""string"", ""description_kind"": ""plain"", ""required"": true, ""sensitive"": true}, ""issuer"": {""type"": ""string"", ""description_kind"": ""plain"", ""required"": true}, ""on_unauthenticated_request"": {""type"": ""string"", ""description_kind"": ""plain"", ""optional"": true, ""computed"": true}, ""scope"": {""type"": ""string"", ""description_kind"": ""plain"", ""optional"": true}, ""session_cookie_name"": {""type"": ""string"", ""description_kind"": ""plain"", ""optional"": true}, ""session_timeout"": {""type"": ""number"", ""description_kind"": ""plain"", ""optional"": true}, ""token_endpoint"": {""type"": ""string"", ""description_kind"": ""plain"", ""required"": true}, ""user_info_endpoint"": {""type"": ""string"", ""description_kind"": ""plain"", ""required"": true}}, ""description_kind"": ""plain""}, ""max_items"": 1}, ""fixed_response"": {""nesting_mode"": ""list"", ""block"": {""attributes"": {""content_type"": {""type"": ""string"", ""description_kind"": ""plain"", ""required"": true}, ""message_body"": {""type"": ""string"", ""description_kind"": ""plain"", ""optional"": true}, ""status_code"": {""type"": ""string"", ""description_kind"": ""plain"", ""optional"": true, ""computed"": true}}, ""description_kind"": ""plain""}, ""max_items"": 1}, ""forward"": {""nesting_mode"": ""list"", ""block"": {""block_types"": {""stickiness"": {""nesting_mode"": ""list"", ""block"": {""attributes"": {""duration"": {""type"": ""number"", ""description_kind"": ""plain"", ""required"": true}, ""enabled"": {""type"": ""bool"", ""description_kind"": ""plain"", ""optional"": true}}, ""description_kind"": ""plain""}, ""max_items"": 1}, ""target_group"": {""nesting_mode"": ""set"", ""block"": {""attributes"": {""arn"": {""type"": ""string"", ""description_kind"": ""plain"", ""required"": true}, ""weight"": {""type"": ""number"", ""description_kind"": ""plain"", ""optional"": true}}, ""description_kind"": ""plain""}, ""min_items"": 1, ""max_items"": 5}}, ""description_kind"": ""plain""}, ""max_items"": 1}, ""jwt_validation"": {""nesting_mode"": ""list"", ""block"": {""attributes"": {""issuer"": {""type"": ""string"", ""description_kind"": ""plain"", ""required"": true}, ""jwks_endpoint"": {""type"": ""string"", ""description_kind"": ""plain"", ""required"": true}}, ""block_types"": {""additional_claim"": {""nesting_mode"": ""set"", ""block"": {""attributes"": {""format"": {""type"": ""string"", ""description_kind"": ""plain"", ""required"": true}, ""name"": {""type"": ""string"", ""description_kind"": ""plain"", ""required"": true}, ""values"": {""type"": [""set"", ""string""], ""description_kind"": ""plain"", ""required"": true}}, ""description_kind"": ""plain""}, ""max_items"": 10}}, ""description_kind"": ""plain""}, ""max_items"": 1}, ""redirect"": {""nesting_mode"": ""list"", ""block"": {""attributes"": {""host"": {""type"": ""string"", ""description_kind"": ""plain"", ""optional"": true}, ""path"": {""type"": ""string"", ""description_kind"": ""plain"", ""optional"": true}, ""port"": {""type"": ""string"", ""description_kind"": ""plain"", ""optional"": true}, ""protocol"": {""type"": ""string"", ""description_kind"": ""plain"", ""optional"": true}, ""query"": {""type"": ""string"", ""description_kind"": ""plain"", ""optional"": true}, ""status_code"": {""type"": ""string"", ""description_kind"": ""plain"", ""required"": true}}, ""description_kind"": ""plain""}, ""max_items"": 1}}, ""description_kind"": ""plain""}, ""min_items"": 1}, ""condition"": {""nesting_mode"": ""set"", ""block"": {""block_types"": {""host_header"": {""nesting_mode"": ""list"", ""block"": {""attributes"": {""regex_values"": {""type"": [""set"", ""string""], ""description_kind"": ""plain"", ""optional"": true}, ""values"": {""type"": [""set"", ""string""], ""description_kind"": ""plain"", ""optional"": true}}, ""description_kind"": ""plain""}, ""max_items"": 1}, ""http_header"": {""nesting_mode"": ""list"", ""block"": {""attributes"": {""http_header_name"": {""type"": ""string"", ""description_kind"": ""plain"", ""required"": true}, ""regex_values"": {""type"": [""set"", ""string""], ""description_kind"": ""plain"", ""optional"": true}, ""values"": {""type"": [""set"", ""string""], ""description_kind"": ""plain"", ""optional"": true}}, ""description_kind"": ""plain""}, ""max_items"": 1}, ""http_request_method"": {""nesting_mode"": ""list"", ""block"": {""attributes"": {""values"": {""type"": [""set"", ""string""], ""description_kind"": ""plain"", ""required"": true}}, ""description_kind"": ""plain""}, ""max_items"": 1}, ""path_pattern"": {""nesting_mode"": ""list"", ""block"": {""attributes"": {""regex_values"": {""type"": [""set"", ""string""], ""description_kind"": ""plain"", ""optional"": true}, ""values"": {""type"": [""set"", ""string""], ""description_kind"": ""plain"", ""optional"": true}}, ""description_kind"": ""plain""}, ""max_items"": 1}, ""query_string"": {""nesting_mode"": ""set"", ""block"": {""attributes"": {""key"": {""type"": ""string"", ""description_kind"": ""plain"", ""optional"": true}, ""value"": {""type"": ""string"", ""description_kind"": ""plain"", ""required"": true}}, ""description_kind"": ""plain""}}, ""source_ip"": {""nesting_mode"": ""list"", ""block"": {""attributes"": {""values"": {""type"": [""set"", ""string""], ""description_kind"": ""plain"", ""required"": true}}, ""description_kind"": ""plain""}, ""max_items"": 1}}, ""description_kind"": ""plain""}, ""min_items"": 1}, ""transform"": {""nesting_mode"": ""set"", ""block"": {""attributes"": {""type"": {""type"": ""string"", ""description_kind"": ""plain"", ""required"": true}}, ""block_types"": {""host_header_rewrite_config"": {""nesting_mode"": ""list"", ""block"": {""block_types"": {""rewrite"": {""nesting_mode"": ""list"", ""block"": {""attributes"": {""regex"": {""type"": ""string"", ""description_kind"": ""plain"", ""required"": true}, ""replace"": {""type"": ""string"", ""description_kind"": ""plain"", ""required"": true}}, ""description_kind"": ""plain""}, ""max_items"": 1}}, ""description_kind"": ""plain""}, ""max_items"": 1}, ""url_rewrite_config"": {""nesting_mode"": ""list"", ""block"": {""block_types"": {""rewrite"": {""nesting_mode"": ""list"", ""block"": {""attributes"": {""regex"": {""type"": ""string"", ""description_kind"": ""plain"", ""required"": true}, ""replace"": {""type"": ""string"", ""description_kind"": ""plain"", ""required"": true}}, ""description_kind"": ""plain""}, ""max_items"": 1}}, ""description_kind"": ""plain""}, ""max_items"": 1}}, ""description_kind"": ""plain""}, ""max_items"": 2}}, ""matched_block_name"": ""aws_lb_listener_rule"", ""matched_block_type"": ""resource""}",,,,aws_lb_listener_rule,resource,"terraform {
  backend ""s3"" {
    bucket = ""aztec-terraform""
    key    = ""setup/setup-mpc-map""
    region = ""eu-west-2""
  }
}

data ""terraform_remote_state"" ""setup_iac"" {
  backend = ""s3""
  config = {
    bucket = ""aztec-terraform""
    key    = ""setup/setup-iac""
    region = ""eu-west-2""
  }
}

provider ""aws"" {
  profile = ""default""
  region  = ""eu-west-2""
}

resource ""aws_service_discovery_service"" ""setup_mpc_map"" {
  name = ""setup-mpc-map""

  health_check_custom_config {
    failure_threshold = 1
  }

  dns_config {
    namespace_id = ""${data.terraform_remote_state.setup_iac.outputs.local_service_discovery_id}""

    dns_records {
      ttl  = 10
      type = ""A""
    }

    routing_policy = ""MULTIVALUE""
  }
}

resource ""aws_ecs_task_definition"" ""setup_mpc_map"" {
  family                   = ""setup-mpc-map""
  requires_compatibilities = [""FARGATE""]
  network_mode             = ""awsvpc""
  cpu                      = ""256""
  memory                   = ""512""
  execution_role_arn       = ""${data.terraform_remote_state.setup_iac.outputs.ecs_task_execution_role_arn}""

  container_definitions = <<DEFINITIONS
[
  {
    ""name"": ""setup-mpc-map"",
    ""image"": ""278380418400.dkr.ecr.eu-west-2.amazonaws.com/setup-mpc-map:latest"",
    ""essential"": true,
    ""portMappings"": [
      {
        ""containerPort"": 80
      }
    ],
    ""environment"": [
      {
        ""name"": ""NODE_ENV"",
        ""value"": ""production""
      },
      {
        ""name"": ""PORT"",
        ""value"": ""80""
      }
    ],
    ""logConfiguration"": {
      ""logDriver"": ""awslogs"",
      ""options"": {
        ""awslogs-group"": ""/fargate/service/setup-mpc-map"",
        ""awslogs-region"": ""eu-west-2"",
        ""awslogs-stream-prefix"": ""ecs""
      }
    }
  }
]
DEFINITIONS
}

data ""aws_ecs_task_definition"" ""setup_mpc_map"" {
  task_definition = ""${aws_ecs_task_definition.setup_mpc_map.family}""
}

resource ""aws_ecs_service"" ""setup_mpc_map"" {
  name          = ""setup-mpc-map""
  cluster       = ""${data.terraform_remote_state.setup_iac.outputs.ecs_cluster_id}""
  launch_type   = ""FARGATE""
  desired_count = ""1""

  network_configuration {
    subnets = [
      ""${data.terraform_remote_state.setup_iac.outputs.subnet_az1_private_id}"",
      ""${data.terraform_remote_state.setup_iac.outputs.subnet_az2_private_id}""
    ]
    security_groups = [""${data.terraform_remote_state.setup_iac.outputs.security_group_private_id}""]
  }

  load_balancer {
    target_group_arn = ""${aws_alb_target_group.setup_mpc_map.arn}""
    container_name   = ""setup-mpc-map""
    container_port   = 80
  }

  service_registries {
    registry_arn = ""${aws_service_discovery_service.setup_mpc_map.arn}""
  }

  # Track the latest ACTIVE revision
  task_definition = ""${aws_ecs_task_definition.setup_mpc_map.family}:${max(""${aws_ecs_task_definition.setup_mpc_map.revision}"", ""${data.aws_ecs_task_definition.setup_mpc_map.revision}"")}""

  lifecycle {
    ignore_changes = [""task_definition""]
  }
}

# Logs
resource ""aws_cloudwatch_log_group"" ""setup_mpc_map_logs"" {
  name              = ""/fargate/service/setup-mpc-map""
  retention_in_days = ""14""
}

# Configure ALB route.
resource ""aws_alb_target_group"" ""setup_mpc_map"" {
  name        = ""setup-mpc-map""
  port        = ""80""
  protocol    = ""HTTP""
  target_type = ""ip""
  vpc_id      = ""${data.terraform_remote_state.setup_iac.outputs.vpc_id}""
  tags = {
    name = ""setup-mpc-map""
  }
}

resource ""aws_lb_listener_rule"" ""setup_mpc_map"" {
  listener_arn = ""${data.terraform_remote_state.setup_iac.outputs.alb_listener_arn}""
  priority     = 300

  action {
    type             = ""forward""
    target_group_arn = ""${aws_alb_target_group.setup_mpc_map.arn}""
  }

  condition {
    field  = ""path-pattern""
    values = [""*""]
  }
}
",127,Unsupported argument,Schema & Structural Violation
oracle__weblogic-kubernetes-operator,55e7cef86b1e894de4652d250ea3b2138a49c757,clones/oracle__weblogic-kubernetes-operator/integration-tests/src/test/resources/ocne/terraform/1.9/modules/oci-ocne-autoscaling,026bdc84decf,b55e4bbbe0fa,https://github.com/oracle/weblogic-kubernetes-operator/blob/55e7cef86b1e894de4652d250ea3b2138a49c757/integration-tests/src/test/resources/ocne/terraform/1.9/modules/oci-ocne-autoscaling/main.tf#L96,False,error,Cannot index a set value,"Block type ""load_balancers"" is represented by a set of objects, and set elements do not have addressable keys. To find elements matching specific criteria, use a ""for"" expression with an ""if"" clause.",clones/oracle__weblogic-kubernetes-operator/integration-tests/src/test/resources/ocne/terraform/1.9/modules/oci-ocne-autoscaling/main.tf,96,81,96,84,resource,resource oci_load_balancer_listener,resource,"resource ""oci_load_balancer_listener"" ""listener"" {
  depends_on               = [oci_core_instance_pool.instance_pool, oci_load_balancer_backend_set.lb_backend]
  default_backend_set_name = oci_core_instance_pool.instance_pool.load_balancers[0].backend_set_name
  load_balancer_id         = local.lb_ocid
  name                     = ""${var.prefix}-listener""
  port                     = var.load_balancer_port
  protocol                 = var.load_balancer_protocol
}",94,101,oci_load_balancer_listener listener,0,7,0,8,8,1,9,6,0,0,0,1,0,0,0,0,0,0,1,2,0,0,0,oci,8.4.0,"{""attributes"": {""default_backend_set_name"": {""type"": ""string"", ""description_kind"": ""plain"", ""required"": true}, ""hostname_names"": {""type"": [""list"", ""string""], ""description_kind"": ""plain"", ""optional"": true, ""computed"": true}, ""id"": {""type"": ""string"", ""description_kind"": ""plain"", ""optional"": true, ""computed"": true}, ""load_balancer_id"": {""type"": ""string"", ""description_kind"": ""plain"", ""required"": true}, ""name"": {""type"": ""string"", ""description_kind"": ""plain"", ""required"": true}, ""path_route_set_name"": {""type"": ""string"", ""description_kind"": ""plain"", ""optional"": true}, ""port"": {""type"": ""number"", ""description_kind"": ""plain"", ""required"": true}, ""protocol"": {""type"": ""string"", ""description_kind"": ""plain"", ""required"": true}, ""routing_policy_name"": {""type"": ""string"", ""description_kind"": ""plain"", ""optional"": true}, ""rule_set_names"": {""type"": [""list"", ""string""], ""description_kind"": ""plain"", ""optional"": true, ""computed"": true}, ""state"": {""type"": ""string"", ""description_kind"": ""plain"", ""computed"": true}}, ""block_types"": {""connection_configuration"": {""nesting_mode"": ""list"", ""block"": {""attributes"": {""backend_tcp_proxy_protocol_options"": {""type"": [""list"", ""string""], ""description_kind"": ""plain"", ""optional"": true, ""computed"": true}, ""backend_tcp_proxy_protocol_version"": {""type"": ""number"", ""description_kind"": ""plain"", ""optional"": true}, ""idle_timeout_in_seconds"": {""type"": ""string"", ""description_kind"": ""plain"", ""required"": true}}, ""description_kind"": ""plain""}, ""max_items"": 1}, ""ssl_configuration"": {""nesting_mode"": ""list"", ""block"": {""attributes"": {""certificate_ids"": {""type"": [""list"", ""string""], ""description_kind"": ""plain"", ""optional"": true}, ""certificate_name"": {""type"": ""string"", ""description_kind"": ""plain"", ""optional"": true}, ""cipher_suite_name"": {""type"": ""string"", ""description_kind"": ""plain"", ""optional"": true, ""computed"": true}, ""has_session_resumption"": {""type"": ""bool"", ""description_kind"": ""plain"", ""optional"": true, ""computed"": true}, ""protocols"": {""type"": [""list"", ""string""], ""description_kind"": ""plain"", ""optional"": true, ""computed"": true}, ""server_order_preference"": {""type"": ""string"", ""description_kind"": ""plain"", ""optional"": true, ""computed"": true}, ""trusted_certificate_authority_ids"": {""type"": [""list"", ""string""], ""description_kind"": ""plain"", ""optional"": true}, ""verify_depth"": {""type"": ""number"", ""description_kind"": ""plain"", ""optional"": true}, ""verify_peer_certificate"": {""type"": ""bool"", ""description_kind"": ""plain"", ""optional"": true}}, ""description_kind"": ""plain""}, ""max_items"": 1}, ""timeouts"": {""nesting_mode"": ""single"", ""block"": {""attributes"": {""create"": {""type"": ""string"", ""description_kind"": ""plain"", ""optional"": true}, ""delete"": {""type"": ""string"", ""description_kind"": ""plain"", ""optional"": true}, ""update"": {""type"": ""string"", ""description_kind"": ""plain"", ""optional"": true}}, ""description_kind"": ""plain""}}}, ""matched_block_name"": ""oci_load_balancer_listener"", ""matched_block_type"": ""resource""}",,,,oci_load_balancer_listener,resource,"# Copyright (c) 2024 Oracle Corporation and/or affiliates.  All rights reserved.
# Licensed under the Universal Permissive License v 1.0 as shown at https://oss.oracle.com/licenses/upl

resource ""oci_load_balancer_load_balancer"" ""lb"" {
  count          = var.create_load_balancer ? 1 : 0
  compartment_id = var.compartment_id
  display_name   = ""${var.prefix}-load-balancer""
  shape          = lookup(var.load_balancer_shape, ""shape"")
  subnet_ids     = [var.subnet_id]
  is_private     = ""true""

  # Optional
  shape_details {
    minimum_bandwidth_in_mbps = lookup(var.load_balancer_shape, ""flex_min"")
    maximum_bandwidth_in_mbps = lookup(var.load_balancer_shape, ""flex_max"")
  }
  freeform_tags = var.freeform_tags
}

resource ""oci_load_balancer_backend_set"" ""lb_backend"" {
  health_checker {
    protocol = var.load_balancer_protocol
    port     = var.load_balancer_port
    url_path = ""/sys/health""
  }

  load_balancer_id = local.lb_ocid
  name             = ""${var.prefix}-lb-backend""
  policy           = var.load_balancer_policy
}

resource ""oci_core_instance_configuration"" ""instance_config"" {
  compartment_id = var.compartment_id
  display_name   = ""${var.prefix}-instance-configuration""
  freeform_tags  = var.freeform_tags

  instance_details {
    instance_type = ""compute""

    launch_details {
      availability_domain = var.availability_domain_id
      compartment_id      = var.compartment_id
      display_name        = ""${var.prefix}-compute""
      shape               = lookup(var.instance_shape, ""shape"", ""VM.Standard2.2"")

      dynamic ""shape_config"" {
        for_each = length(regexall(""Flex"", lookup(var.instance_shape, ""shape"", ""VM.Standard.E3.Flex""))) > 0 ? [1] : []
        content {
          ocpus         = max(1, lookup(var.instance_shape, ""ocpus"", 1))
          memory_in_gbs = (lookup(var.instance_shape, ""memory"", 4) / lookup(var.instance_shape, ""ocpus"", 1)) > 64 ? (lookup(var.instance_shape, ""ocpus"", 1) * 16) : lookup(var.instance_shape, ""memory"", 4)
        }
      }

      source_details {
        source_type             = ""image""
        image_id                = var.image_ocid
        boot_volume_size_in_gbs = lookup(var.instance_shape, ""boot_volume_size"", null)
      }

      metadata = {
        ssh_authorized_keys = file(var.ssh_public_key_path)
        user_data           = var.instance_user_data
      }

      create_vnic_details {
        assign_public_ip = ""false""
        subnet_id        = var.subnet_id
      }
    }
  }
}

resource ""oci_core_instance_pool"" ""instance_pool"" {
  depends_on                = [oci_load_balancer_backend_set.lb_backend]
  instance_configuration_id = oci_core_instance_configuration.instance_config.id
  compartment_id            = var.compartment_id
  display_name              = ""${var.prefix}-instance-pool""
  size                      = var.pool_size
  freeform_tags             = var.freeform_tags

  placement_configurations {
    availability_domain = var.availability_domain_id
    primary_subnet_id   = var.subnet_id
  }

  load_balancers {
    backend_set_name = ""${var.prefix}-lb-backend""
    load_balancer_id = local.lb_ocid
    port             = var.load_balancer_port
    vnic_selection   = ""PrimaryVnic""
  }
}

resource ""oci_load_balancer_listener"" ""listener"" {
  depends_on               = [oci_core_instance_pool.instance_pool, oci_load_balancer_backend_set.lb_backend]
  default_backend_set_name = oci_core_instance_pool.instance_pool.load_balancers[0].backend_set_name
  load_balancer_id         = local.lb_ocid
  name                     = ""${var.prefix}-listener""
  port                     = var.load_balancer_port
  protocol                 = var.load_balancer_protocol
}
",83,Invalid index,Type & Expression Error
oracle__weblogic-kubernetes-operator,55e7cef86b1e894de4652d250ea3b2138a49c757,clones/oracle__weblogic-kubernetes-operator/integration-tests/src/test/resources/ocne/terraform/1.9/modules/terraform-oci-vault,026bdc84decf,b55e4bbbe0fa,https://github.com/oracle/weblogic-kubernetes-operator/blob/55e7cef86b1e894de4652d250ea3b2138a49c757/integration-tests/src/test/resources/ocne/terraform/1.9/modules/oci-ocne-autoscaling/main.tf#L96,True,error,Cannot index a set value,"Block type ""load_balancers"" is represented by a set of objects, and set elements do not have addressable keys. To find elements matching specific criteria, use a ""for"" expression with an ""if"" clause.",clones/oracle__weblogic-kubernetes-operator/integration-tests/src/test/resources/ocne/terraform/1.9/modules/oci-ocne-autoscaling/main.tf,96,81,96,84,resource,resource oci_load_balancer_listener,resource,"resource ""oci_load_balancer_listener"" ""listener"" {
  depends_on               = [oci_core_instance_pool.instance_pool, oci_load_balancer_backend_set.lb_backend]
  default_backend_set_name = oci_core_instance_pool.instance_pool.load_balancers[0].backend_set_name
  load_balancer_id         = local.lb_ocid
  name                     = ""${var.prefix}-listener""
  port                     = var.load_balancer_port
  protocol                 = var.load_balancer_protocol
}",94,101,oci_load_balancer_listener listener,0,7,0,8,8,1,9,6,0,0,0,1,0,0,0,0,0,0,1,2,0,0,0,oci,8.4.0,"{""attributes"": {""default_backend_set_name"": {""type"": ""string"", ""description_kind"": ""plain"", ""required"": true}, ""hostname_names"": {""type"": [""list"", ""string""], ""description_kind"": ""plain"", ""optional"": true, ""computed"": true}, ""id"": {""type"": ""string"", ""description_kind"": ""plain"", ""optional"": true, ""computed"": true}, ""load_balancer_id"": {""type"": ""string"", ""description_kind"": ""plain"", ""required"": true}, ""name"": {""type"": ""string"", ""description_kind"": ""plain"", ""required"": true}, ""path_route_set_name"": {""type"": ""string"", ""description_kind"": ""plain"", ""optional"": true}, ""port"": {""type"": ""number"", ""description_kind"": ""plain"", ""required"": true}, ""protocol"": {""type"": ""string"", ""description_kind"": ""plain"", ""required"": true}, ""routing_policy_name"": {""type"": ""string"", ""description_kind"": ""plain"", ""optional"": true}, ""rule_set_names"": {""type"": [""list"", ""string""], ""description_kind"": ""plain"", ""optional"": true, ""computed"": true}, ""state"": {""type"": ""string"", ""description_kind"": ""plain"", ""computed"": true}}, ""block_types"": {""connection_configuration"": {""nesting_mode"": ""list"", ""block"": {""attributes"": {""backend_tcp_proxy_protocol_options"": {""type"": [""list"", ""string""], ""description_kind"": ""plain"", ""optional"": true, ""computed"": true}, ""backend_tcp_proxy_protocol_version"": {""type"": ""number"", ""description_kind"": ""plain"", ""optional"": true}, ""idle_timeout_in_seconds"": {""type"": ""string"", ""description_kind"": ""plain"", ""required"": true}}, ""description_kind"": ""plain""}, ""max_items"": 1}, ""ssl_configuration"": {""nesting_mode"": ""list"", ""block"": {""attributes"": {""certificate_ids"": {""type"": [""list"", ""string""], ""description_kind"": ""plain"", ""optional"": true}, ""certificate_name"": {""type"": ""string"", ""description_kind"": ""plain"", ""optional"": true}, ""cipher_suite_name"": {""type"": ""string"", ""description_kind"": ""plain"", ""optional"": true, ""computed"": true}, ""has_session_resumption"": {""type"": ""bool"", ""description_kind"": ""plain"", ""optional"": true, ""computed"": true}, ""protocols"": {""type"": [""list"", ""string""], ""description_kind"": ""plain"", ""optional"": true, ""computed"": true}, ""server_order_preference"": {""type"": ""string"", ""description_kind"": ""plain"", ""optional"": true, ""computed"": true}, ""trusted_certificate_authority_ids"": {""type"": [""list"", ""string""], ""description_kind"": ""plain"", ""optional"": true}, ""verify_depth"": {""type"": ""number"", ""description_kind"": ""plain"", ""optional"": true}, ""verify_peer_certificate"": {""type"": ""bool"", ""description_kind"": ""plain"", ""optional"": true}}, ""description_kind"": ""plain""}, ""max_items"": 1}, ""timeouts"": {""nesting_mode"": ""single"", ""block"": {""attributes"": {""create"": {""type"": ""string"", ""description_kind"": ""plain"", ""optional"": true}, ""delete"": {""type"": ""string"", ""description_kind"": ""plain"", ""optional"": true}, ""update"": {""type"": ""string"", ""description_kind"": ""plain"", ""optional"": true}}, ""description_kind"": ""plain""}}}, ""matched_block_name"": ""oci_load_balancer_listener"", ""matched_block_type"": ""resource""}",,,,oci_load_balancer_listener,resource,"# Copyright (c) 2024 Oracle Corporation and/or affiliates.  All rights reserved.
# Licensed under the Universal Permissive License v 1.0 as shown at https://oss.oracle.com/licenses/upl

resource ""oci_load_balancer_load_balancer"" ""lb"" {
  count          = var.create_load_balancer ? 1 : 0
  compartment_id = var.compartment_id
  display_name   = ""${var.prefix}-load-balancer""
  shape          = lookup(var.load_balancer_shape, ""shape"")
  subnet_ids     = [var.subnet_id]
  is_private     = ""true""

  # Optional
  shape_details {
    minimum_bandwidth_in_mbps = lookup(var.load_balancer_shape, ""flex_min"")
    maximum_bandwidth_in_mbps = lookup(var.load_balancer_shape, ""flex_max"")
  }
  freeform_tags = var.freeform_tags
}

resource ""oci_load_balancer_backend_set"" ""lb_backend"" {
  health_checker {
    protocol = var.load_balancer_protocol
    port     = var.load_balancer_port
    url_path = ""/sys/health""
  }

  load_balancer_id = local.lb_ocid
  name             = ""${var.prefix}-lb-backend""
  policy           = var.load_balancer_policy
}

resource ""oci_core_instance_configuration"" ""instance_config"" {
  compartment_id = var.compartment_id
  display_name   = ""${var.prefix}-instance-configuration""
  freeform_tags  = var.freeform_tags

  instance_details {
    instance_type = ""compute""

    launch_details {
      availability_domain = var.availability_domain_id
      compartment_id      = var.compartment_id
      display_name        = ""${var.prefix}-compute""
      shape               = lookup(var.instance_shape, ""shape"", ""VM.Standard2.2"")

      dynamic ""shape_config"" {
        for_each = length(regexall(""Flex"", lookup(var.instance_shape, ""shape"", ""VM.Standard.E3.Flex""))) > 0 ? [1] : []
        content {
          ocpus         = max(1, lookup(var.instance_shape, ""ocpus"", 1))
          memory_in_gbs = (lookup(var.instance_shape, ""memory"", 4) / lookup(var.instance_shape, ""ocpus"", 1)) > 64 ? (lookup(var.instance_shape, ""ocpus"", 1) * 16) : lookup(var.instance_shape, ""memory"", 4)
        }
      }

      source_details {
        source_type             = ""image""
        image_id                = var.image_ocid
        boot_volume_size_in_gbs = lookup(var.instance_shape, ""boot_volume_size"", null)
      }

      metadata = {
        ssh_authorized_keys = file(var.ssh_public_key_path)
        user_data           = var.instance_user_data
      }

      create_vnic_details {
        assign_public_ip = ""false""
        subnet_id        = var.subnet_id
      }
    }
  }
}

resource ""oci_core_instance_pool"" ""instance_pool"" {
  depends_on                = [oci_load_balancer_backend_set.lb_backend]
  instance_configuration_id = oci_core_instance_configuration.instance_config.id
  compartment_id            = var.compartment_id
  display_name              = ""${var.prefix}-instance-pool""
  size                      = var.pool_size
  freeform_tags             = var.freeform_tags

  placement_configurations {
    availability_domain = var.availability_domain_id
    primary_subnet_id   = var.subnet_id
  }

  load_balancers {
    backend_set_name = ""${var.prefix}-lb-backend""
    load_balancer_id = local.lb_ocid
    port             = var.load_balancer_port
    vnic_selection   = ""PrimaryVnic""
  }
}

resource ""oci_load_balancer_listener"" ""listener"" {
  depends_on               = [oci_core_instance_pool.instance_pool, oci_load_balancer_backend_set.lb_backend]
  default_backend_set_name = oci_core_instance_pool.instance_pool.load_balancers[0].backend_set_name
  load_balancer_id         = local.lb_ocid
  name                     = ""${var.prefix}-listener""
  port                     = var.load_balancer_port
  protocol                 = var.load_balancer_protocol
}
",83,Invalid index,Type & Expression Error
redpanda-data__openmessaging-benchmark,46faa6e04a23bad52e06c15f5485bd23d38a55aa,clones/redpanda-data__openmessaging-benchmark/driver-msk/deploy,038b70439cec,632688e0189b,https://github.com/redpanda-data/openmessaging-benchmark/blob/46faa6e04a23bad52e06c15f5485bd23d38a55aa/driver-msk/deploy/provision-msk.tf#L173,False,error,Unsupported argument,"An argument named ""ebs_volume_size"" is not expected here.",clones/redpanda-data__openmessaging-benchmark/driver-msk/deploy/provision-msk.tf,173,5,173,20,resource,resource aws_msk_cluster,resource,"resource ""aws_msk_cluster"" ""bench"" {
  cluster_name           = ""bench""
  kafka_version          = var.kafka_version
  number_of_broker_nodes = ""${var.num_instances[""broker""]}""

  broker_node_group_info {
    instance_type   = ""${var.instance_types[""broker""]}""

    ebs_volume_size = 4000
    client_subnets = [
      aws_subnet.subnet_az1.id,
      aws_subnet.subnet_az2.id,
      aws_subnet.subnet_az3.id,
    ]
    security_groups = [aws_security_group.sg.id]
  }

  encryption_info {
    encryption_in_transit {
      client_broker = ""PLAINTEXT""
      in_cluster    = false
    }
  }

  open_monitoring {
    prometheus {
      jmx_exporter {
        enabled_in_broker = true
      }
      node_exporter {
        enabled_in_broker = true
      }
    }
  }

  tags = {
    owner = ""user""
  }
}",165,203,aws_msk_cluster bench,4,7,5,39,34,2,11,12,0,0,0,7,0,0,7,0,1,1,2,4,0,0,0,aws,6.35.1,"{""attributes"": {""arn"": {""type"": ""string"", ""description_kind"": ""plain"", ""computed"": true}, ""bootstrap_brokers"": {""type"": ""string"", ""description_kind"": ""plain"", ""computed"": true}, ""bootstrap_brokers_public_sasl_iam"": {""type"": ""string"", ""description_kind"": ""plain"", ""computed"": true}, ""bootstrap_brokers_public_sasl_scram"": {""type"": ""string"", ""description_kind"": ""plain"", ""computed"": true}, ""bootstrap_brokers_public_tls"": {""type"": ""string"", ""description_kind"": ""plain"", ""computed"": true}, ""bootstrap_brokers_sasl_iam"": {""type"": ""string"", ""description_kind"": ""plain"", ""computed"": true}, ""bootstrap_brokers_sasl_scram"": {""type"": ""string"", ""description_kind"": ""plain"", ""computed"": true}, ""bootstrap_brokers_tls"": {""type"": ""string"", ""description_kind"": ""plain"", ""computed"": true}, ""bootstrap_brokers_vpc_connectivity_sasl_iam"": {""type"": ""string"", ""description_kind"": ""plain"", ""computed"": true}, ""bootstrap_brokers_vpc_connectivity_sasl_scram"": {""type"": ""string"", ""description_kind"": ""plain"", ""computed"": true}, ""bootstrap_brokers_vpc_connectivity_tls"": {""type"": ""string"", ""description_kind"": ""plain"", ""computed"": true}, ""cluster_name"": {""type"": ""string"", ""description_kind"": ""plain"", ""required"": true}, ""cluster_uuid"": {""type"": ""string"", ""description_kind"": ""plain"", ""computed"": true}, ""current_version"": {""type"": ""string"", ""description_kind"": ""plain"", ""computed"": true}, ""enhanced_monitoring"": {""type"": ""string"", ""description_kind"": ""plain"", ""optional"": true}, ""id"": {""type"": ""string"", ""description_kind"": ""plain"", ""optional"": true, ""computed"": true}, ""kafka_version"": {""type"": ""string"", ""description_kind"": ""plain"", ""required"": true}, ""number_of_broker_nodes"": {""type"": ""number"", ""description_kind"": ""plain"", ""required"": true}, ""region"": {""type"": ""string"", ""description"": ""Region where this resource will be [managed](https://docs.aws.amazon.com/general/latest/gr/rande.html#regional-endpoints). Defaults to the Region set in the [provider configuration](https://registry.terraform.io/providers/hashicorp/aws/latest/docs#aws-configuration-reference)."", ""description_kind"": ""plain"", ""optional"": true, ""computed"": true}, ""storage_mode"": {""type"": ""string"", ""description_kind"": ""plain"", ""optional"": true, ""computed"": true}, ""tags"": {""type"": [""map"", ""string""], ""description_kind"": ""plain"", ""optional"": true}, ""tags_all"": {""type"": [""map"", ""string""], ""description_kind"": ""plain"", ""optional"": true, ""computed"": true}, ""zookeeper_connect_string"": {""type"": ""string"", ""description_kind"": ""plain"", ""computed"": true}, ""zookeeper_connect_string_tls"": {""type"": ""string"", ""description_kind"": ""plain"", ""computed"": true}}, ""block_types"": {""broker_node_group_info"": {""nesting_mode"": ""list"", ""block"": {""attributes"": {""az_distribution"": {""type"": ""string"", ""description_kind"": ""plain"", ""optional"": true}, ""client_subnets"": {""type"": [""set"", ""string""], ""description_kind"": ""plain"", ""required"": true}, ""instance_type"": {""type"": ""string"", ""description_kind"": ""plain"", ""required"": true}, ""security_groups"": {""type"": [""set"", ""string""], ""description_kind"": ""plain"", ""required"": true}}, ""block_types"": {""connectivity_info"": {""nesting_mode"": ""list"", ""block"": {""block_types"": {""public_access"": {""nesting_mode"": ""list"", ""block"": {""attributes"": {""type"": {""type"": ""string"", ""description_kind"": ""plain"", ""optional"": true, ""computed"": true}}, ""description_kind"": ""plain""}, ""max_items"": 1}, ""vpc_connectivity"": {""nesting_mode"": ""list"", ""block"": {""block_types"": {""client_authentication"": {""nesting_mode"": ""list"", ""block"": {""attributes"": {""tls"": {""type"": ""bool"", ""description_kind"": ""plain"", ""optional"": true, ""computed"": true}}, ""block_types"": {""sasl"": {""nesting_mode"": ""list"", ""block"": {""attributes"": {""iam"": {""type"": ""bool"", ""description_kind"": ""plain"", ""optional"": true, ""computed"": true}, ""scram"": {""type"": ""bool"", ""description_kind"": ""plain"", ""optional"": true, ""computed"": true}}, ""description_kind"": ""plain""}, ""max_items"": 1}}, ""description_kind"": ""plain""}, ""max_items"": 1}}, ""description_kind"": ""plain""}, ""max_items"": 1}}, ""description_kind"": ""plain""}, ""max_items"": 1}, ""storage_info"": {""nesting_mode"": ""list"", ""block"": {""block_types"": {""ebs_storage_info"": {""nesting_mode"": ""list"", ""block"": {""attributes"": {""volume_size"": {""type"": ""number"", ""description_kind"": ""plain"", ""optional"": true}}, ""block_types"": {""provisioned_throughput"": {""nesting_mode"": ""list"", ""block"": {""attributes"": {""enabled"": {""type"": ""bool"", ""description_kind"": ""plain"", ""optional"": true}, ""volume_throughput"": {""type"": ""number"", ""description_kind"": ""plain"", ""optional"": true}}, ""description_kind"": ""plain""}, ""max_items"": 1}}, ""description_kind"": ""plain""}, ""max_items"": 1}}, ""description_kind"": ""plain""}, ""max_items"": 1}}, ""description_kind"": ""plain""}, ""min_items"": 1, ""max_items"": 1}, ""client_authentication"": {""nesting_mode"": ""list"", ""block"": {""attributes"": {""unauthenticated"": {""type"": ""bool"", ""description_kind"": ""plain"", ""optional"": true}}, ""block_types"": {""sasl"": {""nesting_mode"": ""list"", ""block"": {""attributes"": {""iam"": {""type"": ""bool"", ""description_kind"": ""plain"", ""optional"": true}, ""scram"": {""type"": ""bool"", ""description_kind"": ""plain"", ""optional"": true}}, ""description_kind"": ""plain""}, ""max_items"": 1}, ""tls"": {""nesting_mode"": ""list"", ""block"": {""attributes"": {""certificate_authority_arns"": {""type"": [""set"", ""string""], ""description_kind"": ""plain"", ""optional"": true}}, ""description_kind"": ""plain""}, ""max_items"": 1}}, ""description_kind"": ""plain""}, ""max_items"": 1}, ""configuration_info"": {""nesting_mode"": ""list"", ""block"": {""attributes"": {""arn"": {""type"": ""string"", ""description_kind"": ""plain"", ""required"": true}, ""revision"": {""type"": ""number"", ""description_kind"": ""plain"", ""required"": true}}, ""description_kind"": ""plain""}, ""max_items"": 1}, ""encryption_info"": {""nesting_mode"": ""list"", ""block"": {""attributes"": {""encryption_at_rest_kms_key_arn"": {""type"": ""string"", ""description_kind"": ""plain"", ""optional"": true, ""computed"": true}}, ""block_types"": {""encryption_in_transit"": {""nesting_mode"": ""list"", ""block"": {""attributes"": {""client_broker"": {""type"": ""string"", ""description_kind"": ""plain"", ""optional"": true}, ""in_cluster"": {""type"": ""bool"", ""description_kind"": ""plain"", ""optional"": true}}, ""description_kind"": ""plain""}, ""max_items"": 1}}, ""description_kind"": ""plain""}, ""max_items"": 1}, ""logging_info"": {""nesting_mode"": ""list"", ""block"": {""block_types"": {""broker_logs"": {""nesting_mode"": ""list"", ""block"": {""block_types"": {""cloudwatch_logs"": {""nesting_mode"": ""list"", ""block"": {""attributes"": {""enabled"": {""type"": ""bool"", ""description_kind"": ""plain"", ""required"": true}, ""log_group"": {""type"": ""string"", ""description_kind"": ""plain"", ""optional"": true}}, ""description_kind"": ""plain""}, ""max_items"": 1}, ""firehose"": {""nesting_mode"": ""list"", ""block"": {""attributes"": {""delivery_stream"": {""type"": ""string"", ""description_kind"": ""plain"", ""optional"": true}, ""enabled"": {""type"": ""bool"", ""description_kind"": ""plain"", ""required"": true}}, ""description_kind"": ""plain""}, ""max_items"": 1}, ""s3"": {""nesting_mode"": ""list"", ""block"": {""attributes"": {""bucket"": {""type"": ""string"", ""description_kind"": ""plain"", ""optional"": true}, ""enabled"": {""type"": ""bool"", ""description_kind"": ""plain"", ""required"": true}, ""prefix"": {""type"": ""string"", ""description_kind"": ""plain"", ""optional"": true}}, ""description_kind"": ""plain""}, ""max_items"": 1}}, ""description_kind"": ""plain""}, ""min_items"": 1, ""max_items"": 1}}, ""description_kind"": ""plain""}, ""max_items"": 1}, ""open_monitoring"": {""nesting_mode"": ""list"", ""block"": {""block_types"": {""prometheus"": {""nesting_mode"": ""list"", ""block"": {""block_types"": {""jmx_exporter"": {""nesting_mode"": ""list"", ""block"": {""attributes"": {""enabled_in_broker"": {""type"": ""bool"", ""description_kind"": ""plain"", ""required"": true}}, ""description_kind"": ""plain""}, ""max_items"": 1}, ""node_exporter"": {""nesting_mode"": ""list"", ""block"": {""attributes"": {""enabled_in_broker"": {""type"": ""bool"", ""description_kind"": ""plain"", ""required"": true}}, ""description_kind"": ""plain""}, ""max_items"": 1}}, ""description_kind"": ""plain""}, ""min_items"": 1, ""max_items"": 1}}, ""description_kind"": ""plain""}, ""max_items"": 1}, ""rebalancing"": {""nesting_mode"": ""list"", ""block"": {""attributes"": {""status"": {""type"": ""string"", ""description_kind"": ""plain"", ""required"": true}}, ""description_kind"": ""plain""}, ""max_items"": 1}, ""timeouts"": {""nesting_mode"": ""single"", ""block"": {""attributes"": {""create"": {""type"": ""string"", ""description_kind"": ""plain"", ""optional"": true}, ""delete"": {""type"": ""string"", ""description_kind"": ""plain"", ""optional"": true}, ""update"": {""type"": ""string"", ""description_kind"": ""plain"", ""optional"": true}}, ""description_kind"": ""plain""}}}, ""matched_block_name"": ""aws_msk_cluster"", ""matched_block_type"": ""resource""}",,,,aws_msk_cluster,resource,"provider ""aws"" {
  region  = ""${var.region}""
}

provider ""random"" {
}

variable ""public_key_path"" {}

variable ""key_name"" {
  default     = ""kafka-benchmark-key""
  description = ""Desired name prefix for the AWS key pair""
}

variable ""region"" {}

variable ""ami"" {}

variable ""profile"" {}

variable ""kafka_version"" {}

variable ""instance_types"" {
  type = map(string)
}

variable ""num_instances"" {
  type = map(number)
}

data ""aws_availability_zones"" ""azs"" {
  state = ""available""
}

resource ""random_id"" ""hash"" {
  byte_length = 8
}

resource ""aws_vpc"" ""vpc"" {
  cidr_block = ""192.168.0.0/22""
}

# Create an internet gateway to give our subnet access to the outside world
resource ""aws_internet_gateway"" ""msk-bench"" {
  vpc_id = ""${aws_vpc.vpc.id}""
}

# Grant the VPC internet access on its main route table
resource ""aws_route"" ""internet_access"" {
  route_table_id         = ""${aws_vpc.vpc.main_route_table_id}""
  destination_cidr_block = ""0.0.0.0/0""
  gateway_id             = ""${aws_internet_gateway.msk-bench.id}""
}

resource ""aws_subnet"" ""subnet_az1"" {
  availability_zone = data.aws_availability_zones.azs.names[0]
  cidr_block        = ""192.168.0.0/24""
  vpc_id            = aws_vpc.vpc.id
}

resource ""aws_subnet"" ""subnet_az2"" {
  availability_zone = data.aws_availability_zones.azs.names[1]
  cidr_block        = ""192.168.1.0/24""
  vpc_id            = aws_vpc.vpc.id
}

resource ""aws_subnet"" ""subnet_az3"" {
  availability_zone = data.aws_availability_zones.azs.names[2]
  cidr_block        = ""192.168.2.0/24""
  vpc_id            = aws_vpc.vpc.id
}

#resource ""aws_subnet"" ""subnet_clients"" {
#  availability_zone       = data.aws_availability_zones.azs.names[0]
#  cidr_block              = ""192.168.3.0/24""
#  vpc_id                  = aws_vpc.vpc.id
#  map_public_ip_on_launch = true
#}

resource ""aws_security_group"" ""sg"" {
  vpc_id = aws_vpc.vpc.id
  name   = ""omb-sg-${random_id.hash.hex}""

  # SSH access from anywhere
  ingress {
    from_port   = 22
    to_port     = 22
    protocol    = ""tcp""
    cidr_blocks = [""0.0.0.0/0""]
  }

  # All ports open within the VPC
  ingress {
    from_port   = 0
    to_port     = 65535
    protocol    = ""tcp""
    cidr_blocks = [""192.168.0.0/22""]
  }

  # outbound internet access
  egress {
    from_port   = 0
    to_port     = 0
    protocol    = ""-1""
    cidr_blocks = [""0.0.0.0/0""]
  }

  ingress {
    from_port   = 0
    to_port     = 0
    protocol    = ""-1""
    security_groups = [aws_security_group.sg-client.id]
  }
}

resource ""aws_security_group"" ""sg-client"" {
  vpc_id = aws_vpc.vpc.id
  name   = ""omb-client-sg-${random_id.hash.hex}""

  # SSH access from anywhere
  ingress {
    from_port   = 22
    to_port     = 22
    protocol    = ""tcp""
    cidr_blocks = [""0.0.0.0/0""]
  }

  # All ports open within the VPC
  ingress {
    from_port   = 0
    to_port     = 65535
    protocol    = ""tcp""
    cidr_blocks = [""192.168.0.0/22""]
  }

  # All ports open to this machine
  ingress {
    from_port   = 0
    to_port     = 65535
    protocol    = ""tcp""
    cidr_blocks = [""${chomp(data.http.myip.body)}/32""]
  }

  # Prometheus/Dashboard access
   ingress {
     from_port   = 3000
     to_port     = 3000
     protocol    = ""tcp""
     cidr_blocks = [""0.0.0.0/0""]
   }

  # outbound internet access
  egress {
    from_port   = 0
    to_port     = 0
    protocol    = ""-1""
    cidr_blocks = [""0.0.0.0/0""]
  }

  tags = {
    Name = ""Benchmark-Security-Group-${random_id.hash.hex}""
  }
}

resource ""aws_msk_cluster"" ""bench"" {
  cluster_name           = ""bench""
  kafka_version          = var.kafka_version
  number_of_broker_nodes = ""${var.num_instances[""broker""]}""

  broker_node_group_info {
    instance_type   = ""${var.instance_types[""broker""]}""

    ebs_volume_size = 4000
    client_subnets = [
      aws_subnet.subnet_az1.id,
      aws_subnet.subnet_az2.id,
      aws_subnet.subnet_az3.id,
    ]
    security_groups = [aws_security_group.sg.id]
  }

  encryption_info {
    encryption_in_transit {
      client_broker = ""PLAINTEXT""
      in_cluster    = false
    }
  }

  open_monitoring {
    prometheus {
      jmx_exporter {
        enabled_in_broker = true
      }
      node_exporter {
        enabled_in_broker = true
      }
    }
  }

  tags = {
    owner = ""user""
  }
}

###
# Get public IP of this machine
data ""http"" ""myip"" {
  url = ""http://ipv4.icanhazip.com""
}

resource ""aws_key_pair"" ""auth"" {
  key_name   = ""${var.key_name}-${random_id.hash.hex}""
  public_key = ""${file(var.public_key_path)}""
}

resource ""aws_instance"" ""client"" {
  ami                         = ""${var.ami}""
  instance_type               = ""${var.instance_types[""client""]}""
  key_name                    = ""${aws_key_pair.auth.id}""
  subnet_id                   = aws_subnet.subnet_az1.id
  associate_public_ip_address = true
  vpc_security_group_ids      = [aws_security_group.sg-client.id]
  count                       = ""${var.num_instances[""client""]}""
  monitoring                  = true

  tags = {
    Name = ""kafka-client-${count.index}""
  }

  root_block_device {
    volume_size = 100
  }
}

output ""clients"" {
  value = {
    for instance in aws_instance.client :
        instance.public_ip => instance.private_ip
  }
}

output ""zookeeperServers"" {
  value = aws_msk_cluster.bench.zookeeper_connect_string
}

output ""boostrapServers"" {
  value       = aws_msk_cluster.bench.bootstrap_brokers
}

output ""zookeeper"" {
  value = {
    for instance in ""${split ("","", aws_msk_cluster.bench.zookeeper_connect_string)}"" :
        ""${element (split ("":"",instance),0)}"" => ""${element (split ("":"",instance),0)}""
  }
}

output ""brokers"" {
  value = {
    for instance in ""${split ("","", aws_msk_cluster.bench.bootstrap_brokers)}"" :
        ""${element (split ("":"",instance),0)}"" => ""${element (split ("":"",instance),0)}""
  }
}


#output ""client_ssh_host"" {
#  value = ""${aws_instance.client.0.public_ip}""
#}
",198,Unsupported argument,Schema & Structural Violation
run-x__opta,ec693987bb76446bcdcba1fb2c835ff950635872,clones/run-x__opta/modules/gcp_k8s_service/tf_module,043c1d3f960e,502693d599ff,https://github.com/run-x/opta/blob/ec693987bb76446bcdcba1fb2c835ff950635872/modules/gcp_k8s_service/tf_module/variables.tf#L1,False,warning,Deprecated Resource,"Container Registry is deprecated. Effective March 18, 2025, Container Registry is shut down and writing images to Container Registry is unavailable. Resource will be removed in future major release.",clones/run-x__opta/modules/gcp_k8s_service/tf_module/variables.tf,1,52,1,53,data,data google_container_registry_repository,data,"data ""google_container_registry_repository"" ""root"" {}",1,1,google_container_registry_repository root,3,0,0,1,1,0,0,0,0,0,0,0,0,0,0,0,0,0,0,0,0,0,0,google,7.22.0,"{""attributes"": {""id"": {""type"": ""string"", ""description_kind"": ""plain"", ""optional"": true, ""computed"": true}, ""project"": {""type"": ""string"", ""description_kind"": ""plain"", ""optional"": true, ""computed"": true}, ""region"": {""type"": ""string"", ""description_kind"": ""plain"", ""optional"": true}, ""repository_url"": {""type"": ""string"", ""description_kind"": ""plain"", ""computed"": true}}, ""block_types"": {}, ""matched_block_name"": ""google_container_registry_repository"", ""matched_block_type"": ""data""}",,,,google_container_registry_repository,data,"data ""google_container_registry_repository"" ""root"" {}
data ""google_client_config"" ""current"" {}


locals {
  uri_components = [for s in var.public_uri : {
    // We probably don't need the trim anymore but leaving this here for
    // potentional backwards compatibility
    domain : trim(split(""/"", s)[0], "".""),
    pathPrefix : (length(split(""/"", s)) > 1 ? ""/${join(""/"", slice(split(""/"", s), 1, length(split(""/"", s))))}"" : ""/""),
    pathPrefixName : replace((length(split(""/"", s)) > 1 ? ""/${join(""/"", slice(split(""/"", s), 1, length(split(""/"", s))))}"" : ""/""), ""/"", """")
  }]
  layer_short     = substr(var.layer_name, 0, 12)
  module_short    = substr(var.module_name, 0, 12)
  get_buckets     = toset(concat(var.read_buckets, var.write_buckets))
  uppercase_image = upper(var.image)
  image           = local.uppercase_image == ""AUTO"" ? (var.digest != null ? ""${data.google_container_registry_repository.root.repository_url}/${var.layer_name}/${var.module_name}@${var.digest}"" : (var.tag == null ? """" : ""${data.google_container_registry_repository.root.repository_url}/${var.layer_name}/${var.module_name}:${var.tag}"")) : (var.tag == null ? var.image : ""${var.image}:${var.tag}"")
}

variable ""env_name"" {
  description = ""Env name""
  type        = string
}

variable ""layer_name"" {
  description = ""Layer name""
  type        = string
}

variable ""module_name"" {
  description = ""Module name""
  type        = string
}

variable ""consistent_hash"" {
  type    = string
  default = null
}

variable ""sticky_session"" {
  default = false
}

variable ""sticky_session_max_age"" {
  default = 86400
}

variable ""ports"" {
  description = ""Ports to be exposed""
  type        = list(any)
}

variable ""http_port"" {
  description = ""The port that exposes an HTTP interface""
  type        = any
  default     = null
}

variable ""probe_port"" {
  description = ""The port that is used for health probes""
  type        = any
  default     = null
}

variable ""service_annotations"" {
  description = ""Annotations to add to the service resource""
  type        = map(string)
  default     = {}
}

variable ""image"" {
  description = ""External Image to be deployed""
  type        = string
}

variable ""tag"" {
  description = ""Tag of image to be deployed""
  type        = string
  default     = null
}

variable ""digest"" {
  description = ""Digest of image to be deployed""
  type        = string
  default     = null
}

variable ""min_containers"" {
  description = ""Min value for HPA autoscaling""
  type        = string
  default     = 1
}

variable ""max_containers"" {
  description = ""Max value for HPA autoscaling""
  type        = string
  default     = 3
}

variable ""autoscaling_target_cpu_percentage"" {
  description = ""Percentage of requested cpu after which autoscaling kicks in""
  default     = 80
}

variable ""autoscaling_target_mem_percentage"" {
  description = ""Percentage of requested memory after which autoscaling kicks in""
  default     = 80
}

variable ""liveness_probe_path"" {
  description = ""Url path for liveness probe""
  type        = string
  default     = null
}

variable ""readiness_probe_path"" {
  description = ""Url path for readiness probe""
  type        = string
  default     = null
}

variable ""healthcheck_path"" {
  type    = string
  default = null
}

variable ""resource_request"" {
  type = map(any)
  default = {
    cpu : 100
    memory : 128
  }
}

variable ""resource_limits"" {
  type = map(any)
}

variable ""env_vars"" {
  description = ""Environment variables to pass to the container""
  type = list(object({
    name  = string
    value = string
  }))
  default = []
}

variable ""public_uri"" {
  type    = list(string)
  default = []
}

variable ""domain"" {
  type    = string
  default = """"
}

variable ""secrets"" { default = null }
variable ""links"" { default = null }

variable ""link_secrets"" {
  type    = list(map(string))
  default = []
}

variable ""read_buckets"" {
  type    = list(string)
  default = []
}

variable ""write_buckets"" {
  type    = list(string)
  default = []
}

variable ""keep_path_prefix"" {
  type    = bool
  default = false
}

variable ""persistent_storage"" {
  type    = list(map(string))
  default = []
}
variable ""ingress_extra_annotations"" {
  type    = map(string)
  default = {}
}
variable ""additional_iam_roles"" {
  default = []
}

variable ""initial_liveness_delay"" {
  type    = number
  default = 30
}

variable ""initial_readiness_delay"" {
  type    = number
  default = 30
}

variable ""tolerations"" {
  type    = list(map(string))
  default = []
}

variable ""cron_jobs"" {
  default = []
}

variable ""pod_annotations"" {
  type        = map(string)
  default     = {}
  description = ""values to add to the pod annotations for the k8s-service pods""
}
variable ""timeout"" {
  type    = number
  default = 300
}

variable ""max_history"" {
  type = number
}

variable ""healthcheck_command"" {
  type = list(string)
}

variable ""liveness_probe_command"" {
  type = list(string)
}

variable ""readiness_probe_command"" {
  type = list(string)
}
variable ""pod_labels"" {
  type = map(string)
}

variable ""commands"" {
  type = list(string)
}

variable ""args"" {
  type = list(string)
}",201,Deprecated resource usage,Provider Evolution
SUSE__skuba,2804080a8e970c42333d711a57df5dfbca2bea0f,clones/SUSE__skuba/ci/infra/azure,02593c361122,9c50d92d9a09,https://github.com/SUSE/skuba/blob/2804080a8e970c42333d711a57df5dfbca2bea0f/ci/infra/azure/network.tf#L15,False,error,Unsupported argument,"An argument named ""address_prefix"" is not expected here. Did you mean ""address_prefixes""?",clones/SUSE__skuba/ci/infra/azure/network.tf,15,3,15,17,resource,resource azurerm_subnet,resource,"resource ""azurerm_subnet"" ""bastionhost"" {
  count                = var.create_bastionhost ? 1 : 0
  name                 = ""AzureBastionSubnet""
  resource_group_name  = azurerm_resource_group.resource_group.name
  virtual_network_name = azurerm_virtual_network.virtual_network.name
  address_prefix       = var.bastionhost_subnet_cidr
}",10,16,azurerm_subnet bastionhost,1,4,0,7,7,0,6,5,0,0,0,1,0,1,0,0,0,0,0,0,0,0,0,azurerm,4.63.0,"{""attributes"": {""address_prefixes"": {""type"": [""list"", ""string""], ""description_kind"": ""plain"", ""optional"": true}, ""default_outbound_access_enabled"": {""type"": ""bool"", ""description_kind"": ""plain"", ""optional"": true}, ""id"": {""type"": ""string"", ""description_kind"": ""plain"", ""optional"": true, ""computed"": true}, ""name"": {""type"": ""string"", ""description_kind"": ""plain"", ""required"": true}, ""private_endpoint_network_policies"": {""type"": ""string"", ""description_kind"": ""plain"", ""optional"": true}, ""private_link_service_network_policies_enabled"": {""type"": ""bool"", ""description_kind"": ""plain"", ""optional"": true}, ""resource_group_name"": {""type"": ""string"", ""description_kind"": ""plain"", ""required"": true}, ""service_endpoint_policy_ids"": {""type"": [""set"", ""string""], ""description_kind"": ""plain"", ""optional"": true}, ""service_endpoints"": {""type"": [""set"", ""string""], ""description_kind"": ""plain"", ""optional"": true}, ""sharing_scope"": {""type"": ""string"", ""description_kind"": ""plain"", ""optional"": true}, ""virtual_network_name"": {""type"": ""string"", ""description_kind"": ""plain"", ""required"": true}}, ""block_types"": {""delegation"": {""nesting_mode"": ""list"", ""block"": {""attributes"": {""name"": {""type"": ""string"", ""description_kind"": ""plain"", ""required"": true}}, ""block_types"": {""service_delegation"": {""nesting_mode"": ""list"", ""block"": {""attributes"": {""actions"": {""type"": [""set"", ""string""], ""description_kind"": ""plain"", ""optional"": true}, ""name"": {""type"": ""string"", ""description_kind"": ""plain"", ""required"": true}}, ""description_kind"": ""plain""}, ""min_items"": 1, ""max_items"": 1}}, ""description_kind"": ""plain""}}, ""ip_address_pool"": {""nesting_mode"": ""list"", ""block"": {""attributes"": {""allocated_ip_address_prefixes"": {""type"": [""list"", ""string""], ""description_kind"": ""plain"", ""computed"": true}, ""id"": {""type"": ""string"", ""description_kind"": ""plain"", ""required"": true}, ""number_of_ip_addresses"": {""type"": ""string"", ""description_kind"": ""plain"", ""required"": true}}, ""description_kind"": ""plain""}, ""max_items"": 1}, ""timeouts"": {""nesting_mode"": ""single"", ""block"": {""attributes"": {""create"": {""type"": ""string"", ""description_kind"": ""plain"", ""optional"": true}, ""delete"": {""type"": ""string"", ""description_kind"": ""plain"", ""optional"": true}, ""read"": {""type"": ""string"", ""description_kind"": ""plain"", ""optional"": true}, ""update"": {""type"": ""string"", ""description_kind"": ""plain"", ""optional"": true}}, ""description_kind"": ""plain""}}}, ""matched_block_name"": ""azurerm_subnet"", ""matched_block_type"": ""resource""}",,,,azurerm_subnet,resource,"resource ""azurerm_virtual_network"" ""virtual_network"" {
  name                = ""${var.stack_name}-virtual_network""
  address_space       = [var.cidr_block]
  location            = azurerm_resource_group.resource_group.location
  resource_group_name = azurerm_resource_group.resource_group.name
}

# Subnets

resource ""azurerm_subnet"" ""bastionhost"" {
  count                = var.create_bastionhost ? 1 : 0
  name                 = ""AzureBastionSubnet""
  resource_group_name  = azurerm_resource_group.resource_group.name
  virtual_network_name = azurerm_virtual_network.virtual_network.name
  address_prefix       = var.bastionhost_subnet_cidr
}

resource ""azurerm_subnet"" ""nodes"" {
  name                 = ""${var.stack_name}-nodes""
  resource_group_name  = azurerm_resource_group.resource_group.name
  virtual_network_name = azurerm_virtual_network.virtual_network.name
  address_prefix       = var.private_subnet_cidr
}

# Public IPs

resource ""azurerm_public_ip"" ""bastionhost"" {
  count               = var.create_bastionhost ? 1 : 0
  name                = ""${var.stack_name}-bastionhost-ip""
  location            = azurerm_resource_group.resource_group.location
  resource_group_name = azurerm_resource_group.resource_group.name
  allocation_method   = ""Static""
  sku                 = ""Standard""
}

resource ""azurerm_public_ip"" ""lb"" {
  name                = ""${var.stack_name}-lb-ip""
  domain_name_label   = var.stack_name
  location            = azurerm_resource_group.resource_group.location
  resource_group_name = azurerm_resource_group.resource_group.name
  allocation_method   = ""Static""
  sku                 = ""standard""
}

resource ""azurerm_public_ip"" ""master"" {
  count               = var.create_bastionhost ? 0 : var.masters
  name                = ""${var.stack_name}-master-${count.index}-ip""
  location            = azurerm_resource_group.resource_group.location
  resource_group_name = azurerm_resource_group.resource_group.name
  allocation_method   = ""Static""
  sku                 = ""Standard""
}

# DNS Zone

resource ""azurerm_private_dns_zone"" ""dns_zone"" {
  name                = var.dnsdomain
  resource_group_name = azurerm_resource_group.resource_group.name
}

resource ""azurerm_private_dns_zone_virtual_network_link"" ""internal_dns"" {
  name                  = ""caasp""
  resource_group_name   = azurerm_resource_group.resource_group.name
  private_dns_zone_name = azurerm_private_dns_zone.dns_zone.name
  virtual_network_id    = azurerm_virtual_network.virtual_network.id
  registration_enabled  = true
}

# Route Table
resource ""azurerm_route_table"" ""nodes"" {
  count               = var.cpi_enable ? 1 : 0
  name                = ""${var.stack_name}-route-table""
  location            = azurerm_resource_group.resource_group.location
  resource_group_name = azurerm_resource_group.resource_group.name
}

resource ""azurerm_subnet_route_table_association"" ""nodes"" {
  count          = var.cpi_enable ? 1 : 0
  subnet_id      = azurerm_subnet.nodes.id
  route_table_id = azurerm_route_table.nodes[0].id

  depends_on = [
    azurerm_subnet.nodes,
    azurerm_route_table.nodes
  ]
}
",69,Unsupported argument,Schema & Structural Violation
